ds,y_H165,y_H25,y_H263,y_H299,y_H330,y_H362,y_H51,y_H69,actual_H165,actual_H25,actual_H263,actual_H299,actual_H330,actual_H362,actual_H51,actual_H69
2024-01-01 01:00:00,49.0,3682.0,13.3,12.7,14.0,24.0,271.0,1223.0,,,,,,,,
2024-01-01 02:00:00,33.0,3687.0,12.3,12.3,14.0,17.0,263.0,1168.0,,,,,,,,
2024-01-01 03:00:00,25.0,3651.0,11.7,11.7,14.0,17.0,269.0,1152.0,,,,,,,,
2024-01-01 04:00:00,20.0,3563.0,11.1,11.2,13.0,13.0,259.0,1138.0,,,,,,,,
2024-01-01 05:00:00,19.0,3598.0,10.5,10.7,19.0,31.0,244.0,1135.0,,,,,,,,
2024-01-01 06:00:00,46.0,3516.0,10.1,10.3,15.0,47.0,225.0,991.0,,,,,,,,
2024-01-01 07:00:00,62.0,3349.0,10.8,10.1,31.0,133.0,222.0,828.0,,,,,,,,
2024-01-01 08:00:00,220.0,3080.0,12.6,11.2,35.0,191.0,213.0,900.0,,,,,,,,
2024-01-01 09:00:00,505.0,2848.0,14.6,13.3,31.0,182.0,206.0,804.0,,,,,,,,
2024-01-01 10:00:00,657.0,2701.0,16.3,15.1,45.0,155.0,207.0,700.0,,,,,,,,
2024-01-01 11:00:00,591.0,2603.0,17.8,16.6,43.0,102.0,219.0,444.0,,,,,,,,
2024-01-01 12:00:00,698.0,2513.0,19.2,17.9,44.0,114.0,245.0,328.0,,,,,,,,
2024-01-01 13:00:00,883.0,2458.0,20.3,18.9,39.0,115.0,266.0,654.0,,,,,,,,
2024-01-01 14:00:00,810.0,2456.0,21.1,19.7,40.0,110.0,292.0,964.0,,,,,,,,
2024-01-01 15:00:00,716.0,2511.0,21.6,20.3,38.0,120.0,323.0,1023.0,,,,,,,,
2024-01-01 16:00:00,706.0,2683.0,21.8,20.5,43.0,129.0,344.0,999.0,,,,,,,,
2024-01-01 17:00:00,775.0,2853.0,21.7,20.4,47.0,128.0,376.0,1076.0,,,,,,,,
2024-01-01 18:00:00,924.0,3008.0,21.3,20.0,36.0,159.0,408.0,1109.0,,,,,,,,
2024-01-01 19:00:00,711.0,3142.0,20.4,19.1,40.0,106.0,436.0,1250.0,,,,,,,,
2024-01-01 20:00:00,467.0,3281.0,19.1,17.5,28.0,67.0,458.0,1280.0,,,,,,,,
2024-01-01 21:00:00,284.0,3398.0,16.9,16.1,20.0,62.0,474.0,1362.0,,,,,,,,
2024-01-01 22:00:00,232.0,3516.0,15.6,15.2,24.0,55.0,481.0,1307.0,,,,,,,,
2024-01-01 23:00:00,131.0,3592.0,14.7,14.3,20.0,47.0,480.0,1267.0,,,,,,,,
2024-01-02 00:00:00,115.0,3648.0,14.0,13.6,14.0,32.0,467.0,1283.0,,,,,,,,
2024-01-02 01:00:00,71.0,3679.0,13.4,12.8,13.0,15.0,444.0,1224.0,,,,,,,,
2024-01-02 02:00:00,59.0,3697.0,12.4,12.4,13.0,19.0,425.0,1307.0,,,,,,,,
2024-01-02 03:00:00,16.0,3700.0,11.8,11.9,13.0,14.0,413.0,1367.0,,,,,,,,
2024-01-02 04:00:00,19.0,3648.0,11.2,11.4,13.0,16.0,378.0,1330.0,,,,,,,,
2024-01-02 05:00:00,25.0,3536.0,10.6,10.9,14.0,24.0,340.0,1171.0,,,,,,,,
2024-01-02 06:00:00,43.0,3447.0,10.2,10.5,14.0,29.0,307.0,1004.0,,,,,,,,
2024-01-02 07:00:00,49.0,3297.0,10.9,10.2,19.0,34.0,286.0,1018.0,,,,,,,,
2024-01-02 08:00:00,147.0,3038.0,12.7,11.4,32.0,66.0,270.0,929.0,,,,,,,,
2024-01-02 09:00:00,501.0,2823.0,14.8,13.5,42.0,97.0,260.0,886.0,,,,,,,,
2024-01-02 10:00:00,594.0,2665.0,16.5,15.3,50.0,145.0,257.0,851.0,,,,,,,,
2024-01-02 11:00:00,610.0,2548.0,18.0,16.8,46.0,130.0,264.0,620.0,,,,,,,,
2024-01-02 12:00:00,650.0,2465.0,19.4,18.1,44.0,155.0,283.0,536.0,,,,,,,,
2024-01-02 13:00:00,898.0,2402.0,20.4,19.1,34.0,157.0,305.0,597.0,,,,,,,,
2024-01-02 14:00:00,863.0,2396.0,21.3,19.9,35.0,200.0,329.0,732.0,,,,,,,,
2024-01-02 15:00:00,782.0,2444.0,21.8,20.4,43.0,201.0,358.0,926.0,,,,,,,,
2024-01-02 16:00:00,699.0,2608.0,22.0,20.7,39.0,152.0,391.0,1102.0,,,,,,,,
2024-01-02 17:00:00,772.0,2767.0,21.9,20.6,39.0,114.0,415.0,1191.0,,,,,,,,
2024-01-02 18:00:00,866.0,2911.0,21.6,20.1,40.0,144.0,401.0,1233.0,,,,,,,,
2024-01-02 19:00:00,698.0,3041.0,20.7,19.3,29.0,107.0,405.0,1218.0,,,,,,,,
2024-01-02 20:00:00,408.0,3197.0,19.3,17.6,21.0,61.0,381.0,1187.0,,,,,,,,
2024-01-02 21:00:00,322.0,3321.0,17.2,16.2,20.0,46.0,362.0,1186.0,,,,,,,,
2024-01-02 22:00:00,263.0,3442.0,15.9,15.2,27.0,55.0,354.0,1221.0,,,,,,,,
2024-01-02 23:00:00,144.0,3439.0,15.0,14.4,16.0,65.0,341.0,1231.0,,,,,,,,
2024-01-03 00:00:00,105.0,3450.0,14.3,13.7,30.0,38.0,335.0,1192.0,,,,,,,,
2024-01-03 01:00:00,59.0,3433.0,13.7,12.9,59.0,19.0,329.0,1163.0,,,,,,,,
2024-01-03 02:00:00,47.0,3350.0,12.7,12.5,24.0,24.0,328.0,1195.0,,,,,,,,
2024-01-03 03:00:00,36.0,3368.0,12.0,12.0,16.0,13.0,328.0,1210.0,,,,,,,,
2024-01-03 04:00:00,30.0,3383.0,11.4,11.5,16.0,13.0,309.0,1170.0,,,,,,,,
2024-01-03 05:00:00,23.0,3374.0,10.8,11.0,13.0,15.0,287.0,1251.0,,,,,,,,
2024-01-03 06:00:00,50.0,3352.0,10.3,10.6,15.0,21.0,264.0,1235.0,,,,,,,,
2024-01-03 07:00:00,67.0,3226.0,11.1,10.3,31.0,22.0,248.0,881.0,,,,,,,,
2024-01-03 08:00:00,155.0,2989.0,12.9,11.7,43.0,36.0,238.0,634.0,,,,,,,,
2024-01-03 09:00:00,444.0,2782.0,15.0,13.7,51.0,60.0,233.0,548.0,,,,,,,,
2024-01-03 10:00:00,571.0,2624.0,16.8,15.6,65.0,76.0,231.0,665.0,,,,,,,,
2024-01-03 11:00:00,524.0,2498.0,18.2,17.0,60.0,123.0,237.0,832.0,,,,,,,,
2024-01-03 12:00:00,662.0,2413.0,19.6,18.3,66.0,127.0,246.0,840.0,,,,,,,,
2024-01-03 13:00:00,818.0,2347.0,20.7,19.3,46.0,177.0,253.0,754.0,,,,,,,,
2024-01-03 14:00:00,831.0,2321.0,21.5,20.1,51.0,152.0,277.0,641.0,,,,,,,,
2024-01-03 15:00:00,798.0,2332.0,22.1,20.6,45.0,146.0,314.0,545.0,,,,,,,,
2024-01-03 16:00:00,550.0,2455.0,22.3,20.8,45.0,99.0,351.0,715.0,,,,,,,,
2024-01-03 17:00:00,632.0,2627.0,22.3,20.7,49.0,98.0,384.0,840.0,,,,,,,,
2024-01-03 18:00:00,922.0,2796.0,21.9,20.3,46.0,102.0,410.0,876.0,,,,,,,,
2024-01-03 19:00:00,498.0,2957.0,21.0,19.4,37.0,73.0,437.0,999.0,,,,,,,,
2024-01-03 20:00:00,318.0,3091.0,19.7,17.8,34.0,57.0,458.0,1104.0,,,,,,,,
2024-01-03 21:00:00,191.0,3218.0,17.5,16.3,26.0,42.0,472.0,1172.0,,,,,,,,
2024-01-03 22:00:00,164.0,3312.0,16.2,15.4,25.0,46.0,480.0,1261.0,,,,,,,,
2024-01-03 23:00:00,126.0,3404.0,15.2,14.6,22.0,38.0,482.0,1161.0,,,,,,,,
2024-01-04 00:00:00,104.0,3466.0,14.4,13.8,13.0,21.0,466.0,1191.0,,,,,,,,
2024-01-04 01:00:00,48.0,3503.0,13.8,13.1,15.0,17.0,436.0,1165.0,,,,,,,,
2024-01-04 02:00:00,50.0,3502.0,12.9,12.7,15.0,12.0,414.0,1168.0,,,,,,,,
2024-01-04 03:00:00,36.0,3491.0,12.2,12.2,16.0,15.0,400.0,1186.0,,,,,,,,
2024-01-04 04:00:00,26.0,3465.0,11.6,11.7,16.0,14.0,369.0,1194.0,,,,,,,,
2024-01-04 05:00:00,16.0,3362.0,10.9,11.1,13.0,28.0,336.0,1200.0,,,,,,,,
2024-01-04 06:00:00,14.0,3254.0,10.4,10.7,17.0,50.0,307.0,1243.0,,,,,,,,
2024-01-04 07:00:00,33.0,3123.0,11.2,10.5,33.0,116.0,285.0,1017.0,,,,,,,,
2024-01-04 08:00:00,36.0,2909.0,13.1,11.9,40.0,194.0,269.0,875.0,,,,,,,,
2024-01-04 09:00:00,88.0,2720.0,15.2,13.9,50.0,176.0,257.0,611.0,,,,,,,,
2024-01-04 10:00:00,151.0,2564.0,16.9,15.7,71.0,137.0,250.0,524.0,,,,,,,,
2024-01-04 11:00:00,124.0,2449.0,18.4,17.2,54.0,99.0,248.0,493.0,,,,,,,,
2024-01-04 12:00:00,167.0,2351.0,19.9,18.5,70.0,96.0,248.0,506.0,,,,,,,,
2024-01-04 13:00:00,283.0,2287.0,20.9,19.5,66.0,89.0,251.0,552.0,,,,,,,,
2024-01-04 14:00:00,317.0,2243.0,21.7,20.3,76.0,95.0,273.0,654.0,,,,,,,,
2024-01-04 15:00:00,224.0,2238.0,22.4,20.8,79.0,103.0,306.0,1001.0,,,,,,,,
2024-01-04 16:00:00,234.0,2341.0,22.6,21.0,69.0,117.0,335.0,1125.0,,,,,,,,
2024-01-04 17:00:00,237.0,2508.0,22.5,20.9,99.0,128.0,361.0,975.0,,,,,,,,
2024-01-04 18:00:00,286.0,2662.0,22.2,20.4,97.0,120.0,393.0,856.0,,,,,,,,
2024-01-04 19:00:00,242.0,2801.0,21.3,19.6,115.0,75.0,421.0,851.0,,,,,,,,
2024-01-04 20:00:00,161.0,2933.0,19.9,17.9,76.0,49.0,432.0,980.0,,,,,,,,
2024-01-04 21:00:00,115.0,3058.0,17.7,16.4,53.0,41.0,399.0,1177.0,,,,,,,,
2024-01-04 22:00:00,118.0,3158.0,16.3,15.4,33.0,29.0,370.0,1351.0,,,,,,,,
2024-01-04 23:00:00,67.0,3246.0,15.4,14.7,27.0,30.0,347.0,1357.0,,,,,,,,
2024-01-05 00:00:00,85.0,3262.0,14.6,13.9,20.0,21.0,325.0,1264.0,,,,,,,,
2024-01-05 01:00:00,54.0,3277.0,13.9,13.2,14.0,26.0,311.0,1149.0,,,,,,,,
2024-01-05 02:00:00,42.0,3259.0,12.9,12.7,13.0,12.0,304.0,1146.0,,,,,,,,
2024-01-05 03:00:00,35.0,3227.0,12.3,12.2,17.0,16.0,301.0,1071.0,,,,,,,,
2024-01-05 04:00:00,25.0,3138.0,11.7,11.7,18.0,14.0,294.0,1102.0,,,,,,,,
2024-01-05 05:00:00,21.0,3028.0,11.1,11.2,16.0,17.0,282.0,1199.0,,,,,,,,
2024-01-05 06:00:00,16.0,2925.0,10.5,10.8,22.0,32.0,263.0,1187.0,,,,,,,,
2024-01-05 07:00:00,27.0,2803.0,11.3,10.5,34.0,68.0,247.0,992.0,,,,,,,,
2024-01-05 08:00:00,16.0,2691.0,13.2,11.9,36.0,108.0,235.0,1095.0,,,,,,,,
2024-01-05 09:00:00,51.0,2579.0,15.3,14.1,61.0,119.0,227.0,902.0,,,,,,,,
2024-01-05 10:00:00,121.0,2446.0,17.1,15.9,67.0,99.0,222.0,642.0,,,,,,,,
2024-01-05 11:00:00,156.0,2343.0,18.6,17.4,71.0,84.0,222.0,580.0,,,,,,,,
2024-01-05 12:00:00,137.0,2270.0,20.1,18.7,65.0,114.0,222.0,667.0,,,,,,,,
2024-01-05 13:00:00,237.0,2216.0,21.2,19.7,84.0,86.0,226.0,698.0,,,,,,,,
2024-01-05 14:00:00,231.0,2196.0,22.1,20.4,68.0,85.0,252.0,758.0,,,,,,,,
2024-01-05 15:00:00,217.0,2186.0,22.6,20.9,67.0,78.0,289.0,864.0,,,,,,,,
2024-01-05 16:00:00,215.0,2237.0,22.8,21.2,47.0,76.0,326.0,858.0,,,,,,,,
2024-01-05 17:00:00,189.0,2332.0,22.7,21.1,56.0,132.0,359.0,879.0,,,,,,,,
2024-01-05 18:00:00,254.0,2433.0,22.4,20.6,61.0,107.0,369.0,958.0,,,,,,,,
2024-01-05 19:00:00,250.0,2511.0,21.5,19.8,44.0,85.0,330.0,1006.0,,,,,,,,
2024-01-05 20:00:00,183.0,2555.0,20.2,18.2,44.0,51.0,310.0,1098.0,,,,,,,,
2024-01-05 21:00:00,139.0,2605.0,17.9,16.6,32.0,41.0,296.0,1217.0,,,,,,,,
2024-01-05 22:00:00,96.0,2629.0,16.6,15.6,36.0,42.0,298.0,1279.0,,,,,,,,
2024-01-05 23:00:00,72.0,2647.0,15.6,14.8,29.0,30.0,304.0,1224.0,,,,,,,,
2024-01-06 00:00:00,80.0,2646.0,14.8,14.0,25.0,16.0,306.0,1158.0,,,,,,,,
2024-01-06 01:00:00,58.0,2631.0,14.1,13.2,17.0,15.0,312.0,1135.0,,,,,,,,
2024-01-06 02:00:00,34.0,2622.0,13.2,12.8,16.0,15.0,311.0,1152.0,,,,,,,,
2024-01-06 03:00:00,15.0,2621.0,12.6,12.3,12.0,16.0,317.0,1103.0,,,,,,,,
2024-01-06 04:00:00,16.0,2655.0,11.9,11.8,15.0,14.0,301.0,1027.0,,,,,,,,
2024-01-06 05:00:00,12.0,2608.0,11.2,11.3,12.0,33.0,275.0,1024.0,,,,,,,,
2024-01-06 06:00:00,37.0,2582.0,10.7,10.9,13.0,40.0,251.0,1122.0,,,,,,,,
2024-01-06 07:00:00,61.0,2517.0,11.5,10.7,24.0,137.0,234.0,1008.0,,,,,,,,
2024-01-06 08:00:00,163.0,2346.0,13.4,12.1,19.0,206.0,222.0,979.0,,,,,,,,
2024-01-06 09:00:00,509.0,2214.0,15.5,14.3,24.0,173.0,217.0,703.0,,,,,,,,
2024-01-06 10:00:00,604.0,2121.0,17.3,16.1,46.0,133.0,218.0,563.0,,,,,,,,
2024-01-06 11:00:00,561.0,2083.0,18.8,17.6,51.0,118.0,230.0,357.0,,,,,,,,
2024-01-06 12:00:00,722.0,2035.0,20.3,18.9,74.0,110.0,251.0,311.0,,,,,,,,
2024-01-06 13:00:00,904.0,2050.0,21.4,19.9,62.0,125.0,271.0,446.0,,,,,,,,
2024-01-06 14:00:00,932.0,2112.0,22.3,20.7,53.0,119.0,293.0,656.0,,,,,,,,
2024-01-06 15:00:00,697.0,2198.0,22.9,21.2,75.0,105.0,320.0,1026.0,,,,,,,,
2024-01-06 16:00:00,745.0,2349.0,23.2,21.4,50.0,102.0,344.0,1132.0,,,,,,,,
2024-01-06 17:00:00,722.0,2498.0,23.1,21.3,61.0,151.0,370.0,1022.0,,,,,,,,
2024-01-06 18:00:00,854.0,2658.0,22.8,20.8,54.0,146.0,396.0,823.0,,,,,,,,
2024-01-06 19:00:00,661.0,2789.0,21.8,20.0,64.0,111.0,422.0,823.0,,,,,,,,
2024-01-06 20:00:00,432.0,2907.0,20.5,18.4,42.0,72.0,440.0,870.0,,,,,,,,
2024-01-06 21:00:00,245.0,3022.0,18.2,16.8,48.0,57.0,444.0,1009.0,,,,,,,,
2024-01-06 22:00:00,181.0,3120.0,16.8,15.8,25.0,52.0,427.0,1189.0,,,,,,,,
2024-01-06 23:00:00,132.0,3202.0,15.8,14.9,20.0,34.0,419.0,1212.0,,,,,,,,
2024-01-07 00:00:00,67.0,3278.0,15.0,14.2,23.0,16.0,421.0,1178.0,,,,,,,,
2024-01-07 01:00:00,44.0,3294.0,14.2,13.4,13.0,21.0,414.0,1118.0,,,,,,,,
2024-01-07 02:00:00,26.0,3295.0,13.3,13.1,16.0,19.0,399.0,1180.0,,,,,,,,
2024-01-07 03:00:00,19.0,3285.0,12.7,12.5,14.0,14.0,389.0,1134.0,,,,,,,,
2024-01-07 04:00:00,30.0,3265.0,12.1,12.0,13.0,16.0,356.0,1074.0,,,,,,,,
2024-01-07 05:00:00,16.0,3184.0,11.3,11.5,14.0,26.0,321.0,1079.0,,,,,,,,
2024-01-07 06:00:00,39.0,3085.0,10.8,11.1,19.0,42.0,288.0,927.0,,,,,,,,
2024-01-07 07:00:00,49.0,2935.0,11.7,10.8,21.0,131.0,267.0,564.0,,,,,,,,
2024-01-07 08:00:00,125.0,2699.0,13.6,12.3,37.0,192.0,251.0,489.0,,,,,,,,
2024-01-07 09:00:00,494.0,2403.0,15.8,14.4,45.0,160.0,243.0,532.0,,,,,,,,
2024-01-07 10:00:00,588.0,2318.0,17.6,16.3,54.0,145.0,241.0,515.0,,,,,,,,
2024-01-07 11:00:00,541.0,2254.0,19.1,17.8,53.0,114.0,251.0,485.0,,,,,,,,
2024-01-07 12:00:00,689.0,2226.0,20.6,19.1,49.0,120.0,273.0,484.0,,,,,,,,
2024-01-07 13:00:00,785.0,2235.0,21.8,20.1,36.0,114.0,294.0,408.0,,,,,,,,
2024-01-07 14:00:00,760.0,2312.0,22.7,20.8,38.0,103.0,318.0,366.0,,,,,,,,
2024-01-07 15:00:00,686.0,2463.0,23.4,21.4,41.0,107.0,350.0,638.0,,,,,,,,
2024-01-07 16:00:00,694.0,2611.0,23.6,21.6,29.0,122.0,380.0,758.0,,,,,,,,
2024-01-07 17:00:00,693.0,2715.0,23.5,21.4,45.0,152.0,409.0,836.0,,,,,,,,
2024-01-07 18:00:00,854.0,2837.0,23.2,21.0,40.0,148.0,433.0,830.0,,,,,,,,
2024-01-07 19:00:00,698.0,2962.0,22.3,20.2,42.0,108.0,456.0,762.0,,,,,,,,
2024-01-07 20:00:00,433.0,3058.0,20.9,18.6,25.0,74.0,476.0,829.0,,,,,,,,
2024-01-07 21:00:00,224.0,3152.0,18.6,17.1,22.0,65.0,493.0,884.0,,,,,,,,
2024-01-07 22:00:00,219.0,3252.0,17.1,16.1,28.0,55.0,504.0,979.0,,,,,,,,
2024-01-07 23:00:00,123.0,3327.0,16.1,15.2,16.0,42.0,503.0,1086.0,,,,,,,,
2024-01-08 00:00:00,104.0,3365.0,15.3,14.5,13.0,20.0,494.0,1175.0,,,,,,,,
2024-01-08 01:00:00,51.0,3363.0,14.4,13.6,13.0,21.0,477.0,1190.0,,,,,,,,
2024-01-08 02:00:00,31.0,3356.0,13.6,13.3,12.0,14.0,457.0,1067.0,,,,,,,,
2024-01-08 03:00:00,18.0,3307.0,12.9,12.8,14.0,13.0,438.0,942.0,,,,,,,,
2024-01-08 04:00:00,22.0,3175.0,12.3,12.3,14.0,15.0,396.0,907.0,,,,,,,,
2024-01-08 05:00:00,28.0,3091.0,11.6,11.8,15.0,32.0,354.0,823.0,,,,,,,,
2024-01-08 06:00:00,23.0,2928.0,11.1,11.4,12.0,50.0,319.0,780.0,,,,,,,,
2024-01-08 07:00:00,65.0,2702.0,11.9,11.1,24.0,129.0,295.0,765.0,,,,,,,,
2024-01-08 08:00:00,152.0,2499.0,13.8,12.6,39.0,189.0,276.0,834.0,,,,,,,,
2024-01-08 09:00:00,486.0,2372.0,16.0,14.7,50.0,167.0,264.0,733.0,,,,,,,,
2024-01-08 10:00:00,674.0,2282.0,17.8,16.5,42.0,144.0,260.0,693.0,,,,,,,,
2024-01-08 11:00:00,634.0,2210.0,19.4,18.0,51.0,100.0,268.0,516.0,,,,,,,,
2024-01-08 12:00:00,736.0,2179.0,20.9,19.2,45.0,104.0,289.0,343.0,,,,,,,,
2024-01-08 13:00:00,801.0,2201.0,22.2,20.2,36.0,133.0,307.0,354.0,,,,,,,,
2024-01-08 14:00:00,928.0,2272.0,23.1,20.9,45.0,119.0,328.0,529.0,,,,,,,,
2024-01-08 15:00:00,652.0,2391.0,23.8,21.4,42.0,103.0,356.0,796.0,,,,,,,,
2024-01-08 16:00:00,878.0,2536.0,23.9,21.6,34.0,138.0,391.0,911.0,,,,,,,,
2024-01-08 17:00:00,636.0,2633.0,23.9,21.4,41.0,155.0,428.0,905.0,,,,,,,,
2024-01-08 18:00:00,919.0,2739.0,23.6,21.1,34.0,141.0,456.0,919.0,,,,,,,,
2024-01-08 19:00:00,769.0,2827.0,22.7,20.2,34.0,115.0,477.0,993.0,,,,,,,,
2024-01-08 20:00:00,485.0,2900.0,21.3,18.6,31.0,69.0,498.0,1066.0,,,,,,,,
2024-01-08 21:00:00,292.0,2950.0,18.9,17.1,22.0,56.0,513.0,1179.0,,,,,,,,
2024-01-08 22:00:00,233.0,2992.0,17.4,16.1,18.0,47.0,479.0,1188.0,,,,,,,,
2024-01-08 23:00:00,151.0,3043.0,16.4,15.3,27.0,47.0,446.0,1153.0,,,,,,,,
2024-01-09 00:00:00,129.0,3077.0,15.6,14.6,16.0,29.0,424.0,1197.0,,,,,,,,
2024-01-09 01:00:00,84.0,3049.0,14.7,13.6,15.0,32.0,408.0,1206.0,,,,,,,,
2024-01-09 02:00:00,56.0,2885.0,13.9,13.4,14.0,19.0,394.0,1223.0,,,,,,,,
2024-01-09 03:00:00,24.0,2746.0,13.2,12.9,12.0,16.0,385.0,1203.0,,,,,,,,
2024-01-09 04:00:00,21.0,2677.0,12.5,12.4,16.0,14.0,354.0,1142.0,,,,,,,,
2024-01-09 05:00:00,28.0,2640.0,11.8,11.9,12.0,18.0,319.0,1124.0,,,,,,,,
2024-01-09 06:00:00,40.0,2553.0,11.3,11.5,16.0,22.0,288.0,1021.0,,,,,,,,
2024-01-09 07:00:00,55.0,2389.0,12.1,11.3,25.0,44.0,267.0,833.0,,,,,,,,
2024-01-09 08:00:00,137.0,2258.0,14.0,12.8,33.0,58.0,252.0,734.0,,,,,,,,
2024-01-09 09:00:00,439.0,2161.0,16.2,14.8,53.0,81.0,244.0,755.0,,,,,,,,
2024-01-09 10:00:00,558.0,2114.0,18.1,16.6,51.0,128.0,242.0,578.0,,,,,,,,
2024-01-09 11:00:00,543.0,2067.0,19.6,18.1,53.0,141.0,251.0,510.0,,,,,,,,
2024-01-09 12:00:00,731.0,2061.0,21.2,19.3,52.0,128.0,274.0,463.0,,,,,,,,
2024-01-09 13:00:00,857.0,2077.0,22.4,20.2,46.0,193.0,295.0,410.0,,,,,,,,
2024-01-09 14:00:00,866.0,2162.0,23.4,21.0,39.0,163.0,319.0,507.0,,,,,,,,
2024-01-09 15:00:00,743.0,2298.0,24.1,21.5,47.0,173.0,351.0,607.0,,,,,,,,
2024-01-09 16:00:00,734.0,2410.0,24.2,21.7,43.0,150.0,382.0,796.0,,,,,,,,
2024-01-09 17:00:00,767.0,2458.0,24.1,21.6,55.0,136.0,414.0,998.0,,,,,,,,
2024-01-09 18:00:00,845.0,2544.0,23.9,21.2,50.0,112.0,442.0,1023.0,,,,,,,,
2024-01-09 19:00:00,771.0,2632.0,22.9,20.3,43.0,124.0,467.0,1041.0,,,,,,,,
2024-01-09 20:00:00,396.0,2713.0,21.6,18.7,35.0,73.0,490.0,1011.0,,,,,,,,
2024-01-09 21:00:00,294.0,2810.0,19.1,17.2,21.0,65.0,501.0,1015.0,,,,,,,,
2024-01-09 22:00:00,252.0,2903.0,17.7,16.2,17.0,38.0,478.0,1102.0,,,,,,,,
2024-01-09 23:00:00,134.0,2975.0,16.6,15.3,24.0,63.0,442.0,1146.0,,,,,,,,
2024-01-10 00:00:00,124.0,3025.0,15.8,14.6,15.0,30.0,424.0,1175.0,,,,,,,,
2024-01-10 01:00:00,77.0,3056.0,14.8,13.6,15.0,25.0,409.0,1223.0,,,,,,,,
2024-01-10 02:00:00,42.0,3026.0,14.2,13.4,14.0,18.0,399.0,1231.0,,,,,,,,
2024-01-10 03:00:00,37.0,2982.0,13.4,12.9,17.0,16.0,389.0,1165.0,,,,,,,,
2024-01-10 04:00:00,34.0,2876.0,12.7,12.4,13.0,16.0,358.0,1124.0,,,,,,,,
2024-01-10 05:00:00,22.0,2809.0,12.1,11.9,17.0,13.0,324.0,1018.0,,,,,,,,
2024-01-10 06:00:00,23.0,2689.0,11.4,11.6,16.0,24.0,295.0,893.0,,,,,,,,
2024-01-10 07:00:00,52.0,2488.0,12.3,11.3,31.0,24.0,274.0,723.0,,,,,,,,
2024-01-10 08:00:00,127.0,2309.0,14.2,12.8,42.0,35.0,258.0,674.0,,,,,,,,
2024-01-10 09:00:00,413.0,2203.0,16.4,14.9,45.0,53.0,248.0,620.0,,,,,,,,
2024-01-10 10:00:00,542.0,2120.0,18.2,16.7,44.0,98.0,245.0,551.0,,,,,,,,
2024-01-10 11:00:00,567.0,2075.0,19.8,18.1,55.0,144.0,254.0,478.0,,,,,,,,
2024-01-10 12:00:00,688.0,2052.0,21.4,19.3,52.0,126.0,274.0,418.0,,,,,,,,
2024-01-10 13:00:00,794.0,2062.0,22.7,20.2,36.0,154.0,294.0,401.0,,,,,,,,
2024-01-10 14:00:00,922.0,2141.0,23.7,21.0,40.0,143.0,317.0,349.0,,,,,,,,
2024-01-10 15:00:00,605.0,2267.0,24.3,21.5,50.0,135.0,349.0,527.0,,,,,,,,
2024-01-10 16:00:00,690.0,2351.0,24.5,21.7,51.0,136.0,383.0,558.0,,,,,,,,
2024-01-10 17:00:00,719.0,2427.0,24.4,21.6,49.0,107.0,418.0,620.0,,,,,,,,
2024-01-10 18:00:00,858.0,2497.0,24.2,21.2,56.0,94.0,447.0,801.0,,,,,,,,
2024-01-10 19:00:00,546.0,2563.0,23.2,20.3,36.0,74.0,475.0,741.0,,,,,,,,
2024-01-10 20:00:00,270.0,2624.0,21.8,18.7,42.0,59.0,499.0,718.0,,,,,,,,
2024-01-10 21:00:00,237.0,2706.0,19.3,17.2,34.0,41.0,517.0,738.0,,,,,,,,
2024-01-10 22:00:00,140.0,2766.0,17.8,16.2,26.0,36.0,522.0,850.0,,,,,,,,
2024-01-10 23:00:00,134.0,2796.0,16.8,15.3,24.0,26.0,517.0,910.0,,,,,,,,
2024-01-11 00:00:00,103.0,2719.0,16.0,14.7,16.0,21.0,499.0,1007.0,,,,,,,,
2024-01-11 01:00:00,85.0,2640.0,15.0,13.7,16.0,18.0,476.0,1091.0,,,,,,,,
2024-01-11 02:00:00,44.0,2599.0,14.3,13.5,17.0,14.0,454.0,1152.0,,,,,,,,
2024-01-11 03:00:00,35.0,2538.0,13.6,13.0,14.0,14.0,438.0,1060.0,,,,,,,,
2024-01-11 04:00:00,22.0,2482.0,12.9,12.5,14.0,16.0,403.0,961.0,,,,,,,,
2024-01-11 05:00:00,24.0,2493.0,12.3,12.0,13.0,23.0,367.0,802.0,,,,,,,,
2024-01-11 06:00:00,18.0,2416.0,11.7,11.6,15.0,45.0,334.0,714.0,,,,,,,,
2024-01-11 07:00:00,27.0,2253.0,12.4,11.4,22.0,142.0,308.0,586.0,,,,,,,,
2024-01-11 08:00:00,43.0,2138.0,14.4,12.9,39.0,197.0,287.0,533.0,,,,,,,,
2024-01-11 09:00:00,46.0,2050.0,16.6,15.0,47.0,157.0,274.0,511.0,,,,,,,,
2024-01-11 10:00:00,74.0,2002.0,18.4,16.8,58.0,126.0,266.0,652.0,,,,,,,,
2024-01-11 11:00:00,91.0,1946.0,20.1,18.2,55.0,122.0,268.0,549.0,,,,,,,,
2024-01-11 12:00:00,153.0,1927.0,21.7,19.4,39.0,95.0,271.0,515.0,,,,,,,,
2024-01-11 13:00:00,173.0,1932.0,22.9,20.4,86.0,107.0,275.0,397.0,,,,,,,,
2024-01-11 14:00:00,190.0,1935.0,23.9,21.1,73.0,103.0,302.0,372.0,,,,,,,,
2024-01-11 15:00:00,191.0,2001.0,24.6,21.7,87.0,107.0,343.0,440.0,,,,,,,,
2024-01-11 16:00:00,239.0,2131.0,24.8,21.8,81.0,121.0,385.0,538.0,,,,,,,,
2024-01-11 17:00:00,183.0,2241.0,24.7,21.7,109.0,148.0,424.0,744.0,,,,,,,,
2024-01-11 18:00:00,249.0,2350.0,24.6,21.3,123.0,150.0,453.0,848.0,,,,,,,,
2024-01-11 19:00:00,207.0,2411.0,23.6,20.4,83.0,110.0,477.0,823.0,,,,,,,,
2024-01-11 20:00:00,174.0,2453.0,22.1,18.8,96.0,70.0,494.0,744.0,,,,,,,,
2024-01-11 21:00:00,100.0,2489.0,19.6,17.3,52.0,52.0,509.0,676.0,,,,,,,,
2024-01-11 22:00:00,93.0,2534.0,18.1,16.3,38.0,45.0,517.0,617.0,,,,,,,,
2024-01-11 23:00:00,80.0,2578.0,17.1,15.5,30.0,42.0,517.0,605.0,,,,,,,,
2024-01-12 00:00:00,80.0,2576.0,16.3,14.8,23.0,24.0,510.0,602.0,,,,,,,,
2024-01-12 01:00:00,62.0,2473.0,15.2,13.8,18.0,18.0,494.0,737.0,,,,,,,,
2024-01-12 02:00:00,63.0,2368.0,14.6,13.6,14.0,20.0,474.0,878.0,,,,,,,,
2024-01-12 03:00:00,19.0,2307.0,13.8,13.1,15.0,14.0,459.0,832.0,,,,,,,,
2024-01-12 04:00:00,16.0,2269.0,13.1,12.6,19.0,15.0,424.0,821.0,,,,,,,,
2024-01-12 05:00:00,17.0,2275.0,12.4,12.1,15.0,25.0,387.0,783.0,,,,,,,,
2024-01-12 06:00:00,13.0,2243.0,11.8,11.7,23.0,45.0,356.0,679.0,,,,,,,,
2024-01-12 07:00:00,13.0,2108.0,12.7,11.5,29.0,101.0,332.0,453.0,,,,,,,,
2024-01-12 08:00:00,26.0,1985.0,14.6,13.1,26.0,175.0,315.0,385.0,,,,,,,,
2024-01-12 09:00:00,32.0,1916.0,16.9,15.1,59.0,147.0,300.0,403.0,,,,,,,,
2024-01-12 10:00:00,75.0,1859.0,18.8,16.9,61.0,135.0,290.0,373.0,,,,,,,,
2024-01-12 11:00:00,86.0,1831.0,20.4,18.3,64.0,115.0,285.0,366.0,,,,,,,,
2024-01-12 12:00:00,167.0,1798.0,22.0,19.6,82.0,91.0,284.0,439.0,,,,,,,,
2024-01-12 13:00:00,188.0,1816.0,23.3,20.6,71.0,102.0,287.0,485.0,,,,,,,,
2024-01-12 14:00:00,226.0,1799.0,24.3,21.3,64.0,106.0,315.0,466.0,,,,,,,,
2024-01-12 15:00:00,216.0,1854.0,24.9,21.8,70.0,75.0,353.0,488.0,,,,,,,,
2024-01-12 16:00:00,203.0,1967.0,25.2,22.0,71.0,82.0,394.0,551.0,,,,,,,,
2024-01-12 17:00:00,225.0,2080.0,25.1,21.9,77.0,104.0,432.0,669.0,,,,,,,,
2024-01-12 18:00:00,282.0,2158.0,24.9,21.5,78.0,95.0,465.0,720.0,,,,,,,,
2024-01-12 19:00:00,225.0,2245.0,23.9,20.6,62.0,88.0,491.0,699.0,,,,,,,,
2024-01-12 20:00:00,184.0,2325.0,22.4,19.1,49.0,63.0,509.0,665.0,,,,,,,,
2024-01-12 21:00:00,180.0,2393.0,19.9,17.6,29.0,41.0,522.0,597.0,,,,,,,,
2024-01-12 22:00:00,94.0,2450.0,18.4,16.6,35.0,32.0,530.0,666.0,,,,,,,,
2024-01-12 23:00:00,85.0,2527.0,17.4,15.7,23.0,34.0,533.0,689.0,,,,,,,,
2024-01-13 00:00:00,58.0,2573.0,16.6,15.1,22.0,20.0,521.0,808.0,,,,,,,,
2024-01-13 01:00:00,45.0,2598.0,15.5,14.1,17.0,15.0,497.0,934.0,,,,,,,,
2024-01-13 02:00:00,35.0,2542.0,14.8,13.8,14.0,13.0,468.0,1051.0,,,,,,,,
2024-01-13 03:00:00,24.0,2451.0,14.1,13.3,14.0,14.0,451.0,1055.0,,,,,,,,
2024-01-13 04:00:00,11.0,2311.0,13.3,12.8,11.0,17.0,412.0,1013.0,,,,,,,,
2024-01-13 05:00:00,26.0,2275.0,12.7,12.3,14.0,28.0,373.0,938.0,,,,,,,,
2024-01-13 06:00:00,44.0,2174.0,12.1,11.9,16.0,42.0,337.0,860.0,,,,,,,,
2024-01-13 07:00:00,47.0,2011.0,12.8,11.7,17.0,121.0,310.0,710.0,,,,,,,,
2024-01-13 08:00:00,149.0,1891.0,14.8,13.3,22.0,206.0,293.0,700.0,,,,,,,,
2024-01-13 09:00:00,490.0,1821.0,17.2,15.3,31.0,154.0,284.0,639.0,,,,,,,,
2024-01-13 10:00:00,568.0,1766.0,19.1,17.1,40.0,143.0,284.0,459.0,,,,,,,,
2024-01-13 11:00:00,480.0,1744.0,20.7,18.6,56.0,122.0,294.0,384.0,,,,,,,,
2024-01-13 12:00:00,666.0,1753.0,22.3,19.8,76.0,115.0,312.0,350.0,,,,,,,,
2024-01-13 13:00:00,853.0,1803.0,23.7,20.7,61.0,133.0,333.0,559.0,,,,,,,,
2024-01-13 14:00:00,869.0,1901.0,24.7,21.4,66.0,112.0,355.0,722.0,,,,,,,,
2024-01-13 15:00:00,712.0,2055.0,25.3,22.0,60.0,112.0,387.0,1060.0,,,,,,,,
2024-01-13 16:00:00,686.0,2182.0,25.6,22.2,68.0,138.0,427.0,1059.0,,,,,,,,
2024-01-13 17:00:00,633.0,2266.0,25.5,22.0,90.0,136.0,470.0,953.0,,,,,,,,
2024-01-13 18:00:00,870.0,2318.0,25.3,21.6,64.0,147.0,506.0,979.0,,,,,,,,
2024-01-13 19:00:00,693.0,2360.0,24.3,20.8,64.0,116.0,531.0,933.0,,,,,,,,
2024-01-13 20:00:00,395.0,2383.0,22.8,19.2,49.0,69.0,550.0,944.0,,,,,,,,
2024-01-13 21:00:00,258.0,2434.0,20.3,17.7,33.0,57.0,564.0,994.0,,,,,,,,
2024-01-13 22:00:00,211.0,2468.0,18.7,16.7,34.0,49.0,554.0,1071.0,,,,,,,,
2024-01-13 23:00:00,136.0,2512.0,17.7,15.9,18.0,29.0,544.0,1209.0,,,,,,,,
2024-01-14 00:00:00,91.0,2568.0,16.8,15.2,15.0,17.0,514.0,1199.0,,,,,,,,
2024-01-14 01:00:00,44.0,2596.0,15.7,14.3,12.0,22.0,460.0,1216.0,,,,,,,,
2024-01-14 02:00:00,27.0,2629.0,15.1,14.0,12.0,16.0,424.0,1173.0,,,,,,,,
2024-01-14 03:00:00,17.0,2606.0,14.3,13.5,15.0,15.0,409.0,1007.0,,,,,,,,
2024-01-14 04:00:00,26.0,2533.0,13.6,13.0,13.0,16.0,375.0,908.0,,,,,,,,
2024-01-14 05:00:00,18.0,2494.0,12.9,12.5,15.0,23.0,341.0,873.0,,,,,,,,
2024-01-14 06:00:00,34.0,2378.0,12.3,12.1,21.0,48.0,309.0,902.0,,,,,,,,
2024-01-14 07:00:00,53.0,2179.0,13.1,11.9,35.0,127.0,287.0,828.0,,,,,,,,
2024-01-14 08:00:00,140.0,2027.0,15.1,13.5,48.0,205.0,272.0,844.0,,,,,,,,
2024-01-14 09:00:00,425.0,1949.0,17.4,15.5,44.0,170.0,268.0,841.0,,,,,,,,
2024-01-14 10:00:00,645.0,1888.0,19.3,17.3,57.0,152.0,267.0,754.0,,,,,,,,
2024-01-14 11:00:00,587.0,1850.0,20.9,18.7,43.0,117.0,281.0,564.0,,,,,,,,
2024-01-14 12:00:00,651.0,1831.0,22.7,19.9,38.0,86.0,306.0,419.0,,,,,,,,
2024-01-14 13:00:00,843.0,1879.0,24.1,20.8,42.0,136.0,329.0,399.0,,,,,,,,
2024-01-14 14:00:00,809.0,1953.0,25.1,21.6,40.0,118.0,353.0,569.0,,,,,,,,
2024-01-14 15:00:00,635.0,2081.0,25.7,22.1,42.0,105.0,387.0,893.0,,,,,,,,
2024-01-14 16:00:00,700.0,2193.0,26.0,22.2,35.0,131.0,421.0,1007.0,,,,,,,,
2024-01-14 17:00:00,733.0,2271.0,25.8,22.1,49.0,160.0,447.0,1051.0,,,,,,,,
2024-01-14 18:00:00,807.0,2345.0,25.6,21.7,44.0,144.0,469.0,1127.0,,,,,,,,
2024-01-14 19:00:00,842.0,2422.0,24.6,20.9,31.0,120.0,406.0,952.0,,,,,,,,
2024-01-14 20:00:00,390.0,2490.0,23.1,19.3,28.0,75.0,458.0,872.0,,,,,,,,
2024-01-14 21:00:00,301.0,2587.0,20.6,17.9,19.0,52.0,535.0,967.0,,,,,,,,
2024-01-14 22:00:00,208.0,2649.0,19.0,16.9,25.0,49.0,520.0,999.0,,,,,,,,
2024-01-14 23:00:00,139.0,2690.0,18.0,16.1,26.0,32.0,475.0,1135.0,,,,,,,,
2024-01-15 00:00:00,92.0,2700.0,17.1,15.4,11.0,27.0,444.0,1195.0,,,,,,,,
2024-01-15 01:00:00,76.0,2722.0,16.0,14.5,14.0,17.0,421.0,1252.0,,,,,,,,
2024-01-15 02:00:00,32.0,2692.0,15.3,14.2,12.0,12.0,410.0,1296.0,,,,,,,,
2024-01-15 03:00:00,24.0,2630.0,14.6,13.7,14.0,16.0,403.0,1180.0,,,,,,,,
2024-01-15 04:00:00,25.0,2543.0,13.8,13.2,20.0,14.0,373.0,1186.0,,,,,,,,
2024-01-15 05:00:00,24.0,2511.0,13.2,12.7,13.0,29.0,340.0,1106.0,,,,,,,,
2024-01-15 06:00:00,32.0,2381.0,12.5,12.3,21.0,39.0,314.0,1021.0,,,,,,,,
2024-01-15 07:00:00,66.0,2200.0,13.3,12.2,25.0,123.0,297.0,726.0,,,,,,,,
2024-01-15 08:00:00,155.0,2033.0,15.3,13.7,51.0,206.0,287.0,686.0,,,,,,,,
2024-01-15 09:00:00,423.0,1950.0,17.7,15.7,49.0,187.0,283.0,751.0,,,,,,,,
2024-01-15 10:00:00,604.0,1881.0,19.6,17.4,58.0,154.0,283.0,821.0,,,,,,,,
2024-01-15 11:00:00,651.0,1859.0,21.3,18.8,49.0,121.0,298.0,730.0,,,,,,,,
2024-01-15 12:00:00,719.0,1833.0,23.0,20.0,47.0,123.0,325.0,742.0,,,,,,,,
2024-01-15 13:00:00,903.0,1860.0,24.3,20.9,36.0,119.0,345.0,910.0,,,,,,,,
2024-01-15 14:00:00,866.0,1931.0,25.3,21.7,30.0,103.0,362.0,904.0,,,,,,,,
2024-01-15 15:00:00,745.0,2041.0,26.0,22.2,51.0,114.0,391.0,1000.0,,,,,,,,
2024-01-15 16:00:00,761.0,2163.0,26.3,22.3,49.0,120.0,429.0,1074.0,,,,,,,,
2024-01-15 17:00:00,790.0,2244.0,26.2,22.2,36.0,153.0,464.0,1038.0,,,,,,,,
2024-01-15 18:00:00,954.0,2337.0,25.9,21.8,37.0,153.0,486.0,1101.0,,,,,,,,
2024-01-15 19:00:00,765.0,2419.0,24.9,20.9,32.0,111.0,500.0,1008.0,,,,,,,,
2024-01-15 20:00:00,469.0,2505.0,23.4,19.4,35.0,59.0,507.0,1035.0,,,,,,,,
2024-01-15 21:00:00,345.0,2594.0,20.9,18.0,29.0,53.0,502.0,1016.0,,,,,,,,
2024-01-15 22:00:00,245.0,2680.0,19.3,17.0,24.0,56.0,490.0,1148.0,,,,,,,,
2024-01-15 23:00:00,138.0,2743.0,18.3,16.1,25.0,42.0,495.0,1140.0,,,,,,,,
2024-01-16 00:00:00,114.0,2787.0,17.4,15.6,11.0,33.0,493.0,1103.0,,,,,,,,
2024-01-16 01:00:00,32.0,2823.0,16.3,14.7,13.0,24.0,480.0,1129.0,,,,,,,,
2024-01-16 02:00:00,48.0,2819.0,15.6,14.3,16.0,17.0,452.0,1023.0,,,,,,,,
2024-01-16 03:00:00,27.0,2796.0,14.9,13.8,15.0,16.0,401.0,989.0,,,,,,,,
2024-01-16 04:00:00,20.0,2815.0,14.1,13.3,15.0,20.0,365.0,1040.0,,,,,,,,
2024-01-16 05:00:00,24.0,2645.0,13.4,12.8,14.0,19.0,333.0,1075.0,,,,,,,,
2024-01-16 06:00:00,17.0,2487.0,12.8,12.4,15.0,34.0,305.0,1061.0,,,,,,,,
2024-01-16 07:00:00,59.0,2259.0,13.6,12.3,26.0,36.0,286.0,939.0,,,,,,,,
2024-01-16 08:00:00,122.0,2102.0,15.5,13.8,40.0,65.0,273.0,880.0,,,,,,,,
2024-01-16 09:00:00,481.0,1977.0,17.9,15.8,54.0,74.0,268.0,747.0,,,,,,,,
2024-01-16 10:00:00,717.0,1905.0,19.9,17.6,62.0,131.0,268.0,676.0,,,,,,,,
2024-01-16 11:00:00,639.0,1859.0,21.6,18.9,52.0,157.0,281.0,707.0,,,,,,,,
2024-01-16 12:00:00,751.0,1844.0,23.3,20.2,44.0,143.0,307.0,850.0,,,,,,,,
2024-01-16 13:00:00,896.0,1868.0,24.7,21.1,47.0,172.0,329.0,855.0,,,,,,,,
2024-01-16 14:00:00,893.0,1946.0,25.7,21.8,30.0,170.0,347.0,993.0,,,,,,,,
2024-01-16 15:00:00,659.0,2082.0,26.3,22.3,42.0,144.0,372.0,1069.0,,,,,,,,
2024-01-16 16:00:00,734.0,2213.0,26.7,22.5,49.0,159.0,395.0,1075.0,,,,,,,,
2024-01-16 17:00:00,737.0,2291.0,26.5,22.3,48.0,153.0,412.0,955.0,,,,,,,,
2024-01-16 18:00:00,871.0,2374.0,26.3,21.9,45.0,134.0,419.0,943.0,,,,,,,,
2024-01-16 19:00:00,808.0,2447.0,25.2,21.1,32.0,118.0,411.0,927.0,,,,,,,,
2024-01-16 20:00:00,623.0,2512.0,23.7,19.6,26.0,83.0,409.0,1016.0,,,,,,,,
2024-01-16 21:00:00,458.0,2581.0,21.2,18.1,23.0,63.0,439.0,1046.0,,,,,,,,
2024-01-16 22:00:00,334.0,2660.0,19.6,17.1,23.0,42.0,474.0,1122.0,,,,,,,,
2024-01-16 23:00:00,200.0,2708.0,18.6,16.3,17.0,48.0,476.0,1167.0,,,,,,,,
2024-01-17 00:00:00,103.0,2760.0,17.7,15.7,14.0,47.0,441.0,1142.0,,,,,,,,
2024-01-17 01:00:00,78.0,2777.0,16.6,14.9,14.0,26.0,416.0,1142.0,,,,,,,,
2024-01-17 02:00:00,39.0,2774.0,15.9,14.4,16.0,18.0,400.0,1173.0,,,,,,,,
2024-01-17 03:00:00,18.0,2736.0,15.2,14.0,13.0,13.0,387.0,1135.0,,,,,,,,
2024-01-17 04:00:00,28.0,2634.0,14.4,13.4,17.0,14.0,356.0,1118.0,,,,,,,,
2024-01-17 05:00:00,23.0,2561.0,13.7,13.0,13.0,18.0,323.0,1059.0,,,,,,,,
2024-01-17 06:00:00,38.0,2448.0,13.0,12.6,15.0,25.0,294.0,1027.0,,,,,,,,
2024-01-17 07:00:00,58.0,2239.0,13.7,12.4,25.0,21.0,274.0,825.0,,,,,,,,
2024-01-17 08:00:00,157.0,2079.0,15.7,14.0,46.0,56.0,261.0,764.0,,,,,,,,
2024-01-17 09:00:00,424.0,1975.0,18.2,16.0,45.0,47.0,254.0,686.0,,,,,,,,
2024-01-17 10:00:00,594.0,1906.0,20.2,17.7,47.0,101.0,252.0,756.0,,,,,,,,
2024-01-17 11:00:00,531.0,1874.0,21.9,19.1,49.0,102.0,262.0,777.0,,,,,,,,
2024-01-17 12:00:00,795.0,1846.0,23.6,20.3,48.0,114.0,284.0,882.0,,,,,,,,
2024-01-17 13:00:00,850.0,1875.0,25.0,21.2,49.0,135.0,303.0,800.0,,,,,,,,
2024-01-17 14:00:00,952.0,1946.0,26.0,21.9,30.0,111.0,326.0,789.0,,,,,,,,
2024-01-17 15:00:00,712.0,2055.0,26.6,22.5,47.0,112.0,359.0,825.0,,,,,,,,
2024-01-17 16:00:00,859.0,2169.0,26.9,22.6,52.0,113.0,396.0,961.0,,,,,,,,
2024-01-17 17:00:00,735.0,2256.0,26.7,22.4,60.0,98.0,438.0,1033.0,,,,,,,,
2024-01-17 18:00:00,1018.0,2328.0,26.5,22.1,58.0,81.0,472.0,1104.0,,,,,,,,
2024-01-17 19:00:00,801.0,2373.0,25.4,21.2,39.0,56.0,497.0,1161.0,,,,,,,,
2024-01-17 20:00:00,315.0,2384.0,23.9,19.8,34.0,30.0,508.0,1141.0,,,,,,,,
2024-01-17 21:00:00,226.0,2414.0,21.3,18.3,20.0,26.0,507.0,1157.0,,,,,,,,
2024-01-17 22:00:00,249.0,2451.0,19.8,17.3,25.0,36.0,519.0,1122.0,,,,,,,,
2024-01-17 23:00:00,124.0,2450.0,18.8,16.4,18.0,41.0,513.0,1118.0,,,,,,,,
2024-01-18 00:00:00,94.0,2445.0,17.8,15.8,16.0,48.0,486.0,1133.0,,,,,,,,
2024-01-18 01:00:00,50.0,2415.0,16.7,15.1,12.0,19.0,466.0,1180.0,,,,,,,,
2024-01-18 02:00:00,47.0,2382.0,16.1,14.7,15.0,15.0,443.0,1242.0,,,,,,,,
2024-01-18 03:00:00,28.0,2356.0,15.3,14.2,17.0,14.0,427.0,1245.0,,,,,,,,
2024-01-18 04:00:00,15.0,2329.0,14.6,13.6,17.0,11.0,394.0,1206.0,,,,,,,,
2024-01-18 05:00:00,21.0,2327.0,13.9,13.2,17.0,27.0,359.0,1047.0,,,,,,,,
2024-01-18 06:00:00,11.0,2273.0,13.2,12.7,14.0,55.0,326.0,960.0,,,,,,,,
2024-01-18 07:00:00,33.0,2134.0,13.9,12.7,30.0,122.0,300.0,844.0,,,,,,,,
2024-01-18 08:00:00,42.0,2012.0,15.9,14.2,34.0,182.0,282.0,752.0,,,,,,,,
2024-01-18 09:00:00,86.0,1923.0,18.3,16.2,47.0,176.0,269.0,600.0,,,,,,,,
2024-01-18 10:00:00,103.0,1875.0,20.3,17.8,58.0,149.0,260.0,475.0,,,,,,,,
2024-01-18 11:00:00,154.0,1836.0,22.1,19.2,57.0,97.0,258.0,424.0,,,,,,,,
2024-01-18 12:00:00,171.0,1816.0,23.8,20.4,67.0,97.0,261.0,423.0,,,,,,,,
2024-01-18 13:00:00,288.0,1821.0,25.2,21.3,55.0,114.0,264.0,454.0,,,,,,,,
2024-01-18 14:00:00,313.0,1844.0,26.2,22.0,76.0,99.0,291.0,388.0,,,,,,,,
2024-01-18 15:00:00,231.0,1915.0,26.8,22.6,68.0,93.0,331.0,917.0,,,,,,,,
2024-01-18 16:00:00,222.0,2019.0,27.1,22.7,72.0,111.0,372.0,1190.0,,,,,,,,
2024-01-18 17:00:00,208.0,2121.0,26.8,22.6,88.0,120.0,407.0,1334.0,,,,,,,,
2024-01-18 18:00:00,252.0,2201.0,26.6,22.2,95.0,139.0,441.0,1247.0,,,,,,,,
2024-01-18 19:00:00,231.0,2254.0,25.4,21.3,75.0,117.0,469.0,1144.0,,,,,,,,
2024-01-18 20:00:00,180.0,2323.0,23.9,19.9,63.0,66.0,487.0,1029.0,,,,,,,,
2024-01-18 21:00:00,136.0,2370.0,21.4,18.4,49.0,53.0,503.0,863.0,,,,,,,,
2024-01-18 22:00:00,136.0,2446.0,19.9,17.3,27.0,48.0,512.0,958.0,,,,,,,,
2024-01-18 23:00:00,101.0,2498.0,18.9,16.5,24.0,39.0,513.0,1006.0,,,,,,,,
2024-01-19 00:00:00,80.0,2552.0,17.9,15.9,23.0,22.0,506.0,1092.0,,,,,,,,
2024-01-19 01:00:00,93.0,2581.0,16.8,15.1,13.0,18.0,485.0,1126.0,,,,,,,,
2024-01-19 02:00:00,41.0,2595.0,16.2,14.7,15.0,15.0,464.0,1236.0,,,,,,,,
2024-01-19 03:00:00,24.0,2551.0,15.4,14.3,17.0,14.0,450.0,1168.0,,,,,,,,
2024-01-19 04:00:00,28.0,2477.0,14.6,13.8,21.0,15.0,420.0,1141.0,,,,,,,,
2024-01-19 05:00:00,17.0,2403.0,14.0,13.3,16.0,25.0,385.0,1088.0,,,,,,,,
2024-01-19 06:00:00,15.0,2303.0,13.3,12.9,13.0,41.0,352.0,1060.0,,,,,,,,
2024-01-19 07:00:00,26.0,2173.0,14.0,12.8,20.0,72.0,327.0,860.0,,,,,,,,
2024-01-19 08:00:00,35.0,2020.0,16.0,14.3,23.0,152.0,308.0,754.0,,,,,,,,
2024-01-19 09:00:00,58.0,1920.0,18.5,16.3,40.0,167.0,295.0,674.0,,,,,,,,
2024-01-19 10:00:00,108.0,1861.0,20.6,18.0,53.0,155.0,284.0,736.0,,,,,,,,
2024-01-19 11:00:00,120.0,1809.0,22.2,19.3,60.0,135.0,278.0,736.0,,,,,,,,
2024-01-19 12:00:00,156.0,1787.0,24.0,20.6,66.0,110.0,277.0,815.0,,,,,,,,
2024-01-19 13:00:00,195.0,1783.0,25.4,21.4,69.0,113.0,279.0,776.0,,,,,,,,
2024-01-19 14:00:00,267.0,1773.0,26.4,22.2,47.0,80.0,308.0,756.0,,,,,,,,
2024-01-19 15:00:00,200.0,1831.0,27.0,22.7,72.0,109.0,344.0,900.0,,,,,,,,
2024-01-19 16:00:00,192.0,1931.0,27.3,22.9,44.0,119.0,382.0,1039.0,,,,,,,,
2024-01-19 17:00:00,216.0,2046.0,27.1,22.7,48.0,145.0,418.0,1065.0,,,,,,,,
2024-01-19 18:00:00,371.0,2144.0,26.8,22.3,55.0,137.0,447.0,1076.0,,,,,,,,
2024-01-19 19:00:00,251.0,2231.0,25.7,21.4,55.0,105.0,471.0,997.0,,,,,,,,
2024-01-19 20:00:00,196.0,2327.0,24.2,20.0,41.0,69.0,496.0,951.0,,,,,,,,
2024-01-19 21:00:00,195.0,2425.0,21.6,18.5,29.0,50.0,512.0,940.0,,,,,,,,
2024-01-19 22:00:00,133.0,2513.0,20.1,17.5,32.0,53.0,519.0,966.0,,,,,,,,
2024-01-19 23:00:00,79.0,2615.0,19.1,16.7,24.0,35.0,515.0,1062.0,,,,,,,,
2024-01-20 00:00:00,76.0,2700.0,18.2,16.1,17.0,23.0,476.0,1162.0,,,,,,,,
2024-01-20 01:00:00,44.0,2766.0,17.1,15.2,19.0,15.0,434.0,1216.0,,,,,,,,
2024-01-20 02:00:00,37.0,2788.0,16.4,14.9,15.0,13.0,416.0,1250.0,,,,,,,,
2024-01-20 03:00:00,15.0,2774.0,15.6,14.4,14.0,14.0,403.0,1106.0,,,,,,,,
2024-01-20 04:00:00,16.0,2699.0,14.8,13.9,11.0,14.0,375.0,929.0,,,,,,,,
2024-01-20 05:00:00,12.0,2581.0,14.2,13.5,11.0,29.0,343.0,931.0,,,,,,,,
2024-01-20 06:00:00,18.0,2429.0,13.5,13.1,15.0,45.0,312.0,958.0,,,,,,,,
2024-01-20 07:00:00,60.0,2209.0,14.2,13.0,14.0,121.0,290.0,886.0,,,,,,,,
2024-01-20 08:00:00,139.0,2038.0,16.2,14.6,23.0,208.0,274.0,905.0,,,,,,,,
2024-01-20 09:00:00,445.0,1924.0,18.7,16.4,36.0,162.0,264.0,794.0,,,,,,,,
2024-01-20 10:00:00,574.0,1870.0,20.8,18.1,46.0,144.0,264.0,771.0,,,,,,,,
2024-01-20 11:00:00,489.0,1817.0,22.4,19.5,60.0,107.0,275.0,672.0,,,,,,,,
2024-01-20 12:00:00,716.0,1814.0,24.2,20.7,57.0,134.0,297.0,609.0,,,,,,,,
2024-01-20 13:00:00,804.0,1864.0,25.6,21.6,90.0,121.0,315.0,617.0,,,,,,,,
2024-01-20 14:00:00,870.0,1955.0,26.6,22.3,53.0,116.0,331.0,672.0,,,,,,,,
2024-01-20 15:00:00,684.0,2091.0,27.3,22.8,56.0,122.0,357.0,839.0,,,,,,,,
2024-01-20 16:00:00,751.0,2249.0,27.5,23.0,67.0,132.0,393.0,1041.0,,,,,,,,
2024-01-20 17:00:00,659.0,2366.0,27.3,22.8,49.0,142.0,429.0,1114.0,,,,,,,,
2024-01-20 18:00:00,891.0,2502.0,27.0,22.4,66.0,169.0,462.0,961.0,,,,,,,,
2024-01-20 19:00:00,668.0,2613.0,25.9,21.5,67.0,105.0,491.0,893.0,,,,,,,,
2024-01-20 20:00:00,373.0,2725.0,24.3,20.1,47.0,93.0,518.0,886.0,,,,,,,,
2024-01-20 21:00:00,272.0,2841.0,21.8,18.6,39.0,55.0,537.0,896.0,,,,,,,,
2024-01-20 22:00:00,225.0,2950.0,20.3,17.6,34.0,64.0,547.0,1024.0,,,,,,,,
2024-01-20 23:00:00,124.0,3038.0,19.3,16.7,14.0,41.0,547.0,1064.0,,,,,,,,
2024-01-21 00:00:00,106.0,3102.0,18.3,16.1,17.0,20.0,535.0,1136.0,,,,,,,,
2024-01-21 01:00:00,65.0,3139.0,17.3,15.3,12.0,21.0,516.0,1116.0,,,,,,,,
2024-01-21 02:00:00,28.0,3162.0,16.6,15.0,14.0,12.0,499.0,1126.0,,,,,,,,
2024-01-21 03:00:00,14.0,3126.0,15.8,14.5,13.0,16.0,482.0,1024.0,,,,,,,,
2024-01-21 04:00:00,27.0,3026.0,15.0,14.0,15.0,22.0,442.0,1018.0,,,,,,,,
2024-01-21 05:00:00,24.0,2910.0,14.4,13.6,14.0,14.0,399.0,963.0,,,,,,,,
2024-01-21 06:00:00,20.0,2736.0,13.7,13.2,22.0,25.0,360.0,903.0,,,,,,,,
2024-01-21 07:00:00,63.0,2497.0,14.3,13.2,27.0,41.0,333.0,908.0,,,,,,,,
2024-01-21 08:00:00,108.0,2289.0,16.3,14.7,36.0,37.0,315.0,897.0,,,,,,,,
2024-01-21 09:00:00,378.0,2169.0,18.8,16.6,46.0,33.0,305.0,816.0,,,,,,,,
2024-01-21 10:00:00,542.0,2087.0,20.9,18.2,36.0,21.0,300.0,744.0,,,,,,,,
2024-01-21 11:00:00,503.0,2020.0,22.7,19.5,47.0,17.0,309.0,661.0,,,,,,,,
2024-01-21 12:00:00,641.0,1986.0,24.4,20.7,41.0,20.0,330.0,565.0,,,,,,,,
2024-01-21 13:00:00,709.0,2007.0,25.8,21.7,35.0,24.0,349.0,411.0,,,,,,,,
2024-01-21 14:00:00,692.0,2081.0,26.8,22.3,42.0,18.0,369.0,480.0,,,,,,,,
2024-01-21 15:00:00,616.0,2220.0,27.4,22.9,40.0,33.0,399.0,770.0,,,,,,,,
2024-01-21 16:00:00,705.0,2354.0,27.7,23.0,45.0,32.0,435.0,954.0,,,,,,,,
2024-01-21 17:00:00,680.0,2469.0,27.5,22.8,53.0,25.0,472.0,953.0,,,,,,,,
2024-01-21 18:00:00,897.0,2581.0,27.2,22.4,43.0,44.0,502.0,956.0,,,,,,,,
2024-01-21 19:00:00,755.0,2694.0,26.1,21.6,23.0,45.0,528.0,867.0,,,,,,,,
2024-01-21 20:00:00,490.0,2791.0,24.5,20.1,21.0,67.0,550.0,771.0,,,,,,,,
2024-01-21 21:00:00,294.0,2893.0,21.9,18.6,18.0,33.0,567.0,833.0,,,,,,,,
2024-01-21 22:00:00,224.0,2998.0,20.4,17.6,16.0,33.0,571.0,830.0,,,,,,,,
2024-01-21 23:00:00,155.0,3067.0,19.5,16.8,15.0,17.0,564.0,950.0,,,,,,,,
2024-01-22 00:00:00,87.0,3092.0,18.6,16.2,14.0,23.0,544.0,908.0,,,,,,,,
2024-01-22 01:00:00,44.0,3118.0,17.5,15.4,11.0,15.0,504.0,996.0,,,,,,,,
2024-01-22 02:00:00,31.0,3135.0,16.8,15.1,13.0,15.0,474.0,934.0,,,,,,,,
2024-01-22 03:00:00,20.0,3100.0,15.9,14.6,13.0,13.0,449.0,802.0,,,,,,,,
2024-01-22 04:00:00,23.0,2994.0,15.2,14.1,14.0,12.0,408.0,749.0,,,,,,,,
2024-01-22 05:00:00,26.0,2898.0,14.6,13.7,11.0,26.0,370.0,776.0,,,,,,,,
2024-01-22 06:00:00,28.0,2702.0,13.8,13.3,17.0,44.0,341.0,830.0,,,,,,,,
2024-01-22 07:00:00,60.0,2464.0,14.5,13.3,31.0,77.0,323.0,732.0,,,,,,,,
2024-01-22 08:00:00,153.0,2295.0,16.5,14.8,37.0,139.0,307.0,625.0,,,,,,,,
2024-01-22 09:00:00,502.0,2174.0,18.9,16.6,46.0,164.0,298.0,476.0,,,,,,,,
2024-01-22 10:00:00,634.0,2099.0,21.1,18.2,41.0,193.0,294.0,315.0,,,,,,,,
2024-01-22 11:00:00,614.0,2045.0,22.8,19.6,45.0,129.0,304.0,335.0,,,,,,,,
2024-01-22 12:00:00,680.0,2012.0,24.6,20.7,46.0,100.0,326.0,405.0,,,,,,,,
2024-01-22 13:00:00,808.0,2039.0,25.9,21.7,32.0,123.0,344.0,511.0,,,,,,,,
2024-01-22 14:00:00,838.0,2140.0,26.9,22.3,37.0,116.0,365.0,521.0,,,,,,,,
2024-01-22 15:00:00,603.0,2273.0,27.6,22.8,45.0,131.0,397.0,448.0,,,,,,,,
2024-01-22 16:00:00,566.0,2425.0,27.8,23.0,44.0,138.0,433.0,422.0,,,,,,,,
2024-01-22 17:00:00,621.0,2524.0,27.6,22.8,47.0,131.0,470.0,541.0,,,,,,,,
2024-01-22 18:00:00,871.0,2611.0,27.3,22.4,62.0,133.0,503.0,688.0,,,,,,,,
2024-01-22 19:00:00,749.0,2742.0,26.2,21.6,21.0,105.0,532.0,811.0,,,,,,,,
2024-01-22 20:00:00,392.0,2837.0,24.6,20.2,29.0,71.0,557.0,959.0,,,,,,,,
2024-01-22 21:00:00,272.0,2914.0,22.1,18.6,28.0,59.0,567.0,998.0,,,,,,,,
2024-01-22 22:00:00,209.0,2958.0,20.6,17.7,26.0,56.0,571.0,1070.0,,,,,,,,
2024-01-22 23:00:00,192.0,2982.0,19.6,16.8,18.0,31.0,570.0,1081.0,,,,,,,,
2024-01-23 00:00:00,115.0,2938.0,18.7,16.2,15.0,38.0,533.0,1017.0,,,,,,,,
2024-01-23 01:00:00,81.0,2857.0,17.7,15.6,12.0,27.0,495.0,980.0,,,,,,,,
2024-01-23 02:00:00,59.0,2767.0,16.9,15.1,17.0,17.0,454.0,965.0,,,,,,,,
2024-01-23 03:00:00,22.0,2653.0,16.1,14.7,22.0,15.0,421.0,988.0,,,,,,,,
2024-01-23 04:00:00,19.0,2579.0,15.4,14.2,15.0,16.0,382.0,976.0,,,,,,,,
2024-01-23 05:00:00,24.0,2518.0,14.7,13.8,13.0,18.0,344.0,998.0,,,,,,,,
2024-01-23 06:00:00,22.0,2400.0,14.0,13.4,17.0,27.0,320.0,970.0,,,,,,,,
2024-01-23 07:00:00,69.0,2228.0,14.6,13.4,27.0,30.0,300.0,821.0,,,,,,,,
2024-01-23 08:00:00,114.0,2100.0,16.6,14.9,34.0,68.0,288.0,826.0,,,,,,,,
2024-01-23 09:00:00,418.0,2020.0,19.1,16.8,50.0,87.0,268.0,656.0,,,,,,,,
2024-01-23 10:00:00,582.0,1966.0,21.2,18.4,42.0,111.0,268.0,594.0,,,,,,,,
2024-01-23 11:00:00,567.0,1919.0,22.9,19.7,56.0,120.0,282.0,454.0,,,,,,,,
2024-01-23 12:00:00,678.0,1899.0,24.7,20.9,52.0,133.0,309.0,419.0,,,,,,,,
2024-01-23 13:00:00,849.0,1940.0,26.1,21.8,39.0,161.0,357.0,442.0,,,,,,,,
2024-01-23 14:00:00,838.0,2029.0,27.0,22.6,32.0,146.0,386.0,552.0,,,,,,,,
2024-01-23 15:00:00,691.0,2153.0,27.6,23.1,49.0,156.0,421.0,783.0,,,,,,,,
2024-01-23 16:00:00,741.0,2278.0,27.9,23.2,48.0,164.0,455.0,953.0,,,,,,,,
2024-01-23 17:00:00,684.0,2388.0,27.8,23.1,43.0,120.0,491.0,822.0,,,,,,,,
2024-01-23 18:00:00,854.0,2491.0,27.4,22.7,57.0,117.0,503.0,769.0,,,,,,,,
2024-01-23 19:00:00,648.0,2594.0,26.3,21.8,26.0,128.0,503.0,718.0,,,,,,,,
2024-01-23 20:00:00,480.0,2691.0,24.7,20.3,35.0,84.0,555.0,793.0,,,,,,,,
2024-01-23 21:00:00,305.0,2767.0,22.2,18.8,30.0,72.0,534.0,981.0,,,,,,,,
2024-01-23 22:00:00,225.0,2845.0,20.7,17.8,24.0,56.0,468.0,1069.0,,,,,,,,
2024-01-23 23:00:00,223.0,2882.0,19.7,17.0,20.0,55.0,483.0,1126.0,,,,,,,,
2024-01-24 00:00:00,89.0,2893.0,18.8,16.3,15.0,42.0,469.0,1126.0,,,,,,,,
2024-01-24 01:00:00,73.0,2898.0,17.8,15.8,11.0,27.0,460.0,1132.0,,,,,,,,
2024-01-24 02:00:00,44.0,2894.0,17.0,15.3,14.0,19.0,450.0,1129.0,,,,,,,,
2024-01-24 03:00:00,29.0,2857.0,16.2,14.8,15.0,16.0,410.0,1125.0,,,,,,,,
2024-01-24 04:00:00,25.0,2765.0,15.5,14.3,17.0,14.0,377.0,1074.0,,,,,,,,
2024-01-24 05:00:00,20.0,2677.0,14.8,13.9,19.0,14.0,348.0,1056.0,,,,,,,,
2024-01-24 06:00:00,18.0,2533.0,14.1,13.5,15.0,24.0,300.0,990.0,,,,,,,,
2024-01-24 07:00:00,62.0,2322.0,14.7,13.5,26.0,22.0,281.0,787.0,,,,,,,,
2024-01-24 08:00:00,130.0,2152.0,16.6,15.1,29.0,47.0,266.0,697.0,,,,,,,,
2024-01-24 09:00:00,378.0,2053.0,19.2,16.9,43.0,45.0,257.0,671.0,,,,,,,,
2024-01-24 10:00:00,494.0,1960.0,21.3,18.6,45.0,70.0,257.0,554.0,,,,,,,,
2024-01-24 11:00:00,497.0,1910.0,23.0,19.9,51.0,47.0,267.0,571.0,,,,,,,,
2024-01-24 12:00:00,737.0,1894.0,24.8,21.1,51.0,65.0,287.0,551.0,,,,,,,,
2024-01-24 13:00:00,790.0,1910.0,26.2,22.1,46.0,71.0,306.0,703.0,,,,,,,,
2024-01-24 14:00:00,995.0,1996.0,27.2,22.7,39.0,37.0,330.0,724.0,,,,,,,,
2024-01-24 15:00:00,692.0,2102.0,27.7,23.2,41.0,47.0,364.0,1003.0,,,,,,,,
2024-01-24 16:00:00,703.0,2229.0,28.1,23.4,48.0,54.0,398.0,1078.0,,,,,,,,
2024-01-24 17:00:00,694.0,2330.0,27.9,23.2,56.0,52.0,430.0,1124.0,,,,,,,,
2024-01-24 18:00:00,935.0,2418.0,27.6,22.8,55.0,53.0,461.0,1096.0,,,,,,,,
2024-01-24 19:00:00,597.0,2533.0,26.4,21.9,33.0,25.0,489.0,980.0,,,,,,,,
2024-01-24 20:00:00,338.0,2616.0,24.9,20.5,57.0,41.0,508.0,856.0,,,,,,,,
2024-01-24 21:00:00,203.0,2697.0,22.3,18.9,34.0,23.0,516.0,892.0,,,,,,,,
2024-01-24 22:00:00,229.0,2768.0,20.8,18.0,23.0,30.0,500.0,937.0,,,,,,,,
2024-01-24 23:00:00,135.0,2830.0,19.8,17.2,22.0,29.0,481.0,1074.0,,,,,,,,
2024-01-25 00:00:00,141.0,2846.0,18.9,16.5,15.0,26.0,452.0,1127.0,,,,,,,,
2024-01-25 01:00:00,63.0,2858.0,17.9,16.1,18.0,16.0,398.0,1114.0,,,,,,,,
2024-01-25 02:00:00,33.0,2821.0,17.1,15.4,14.0,12.0,376.0,1131.0,,,,,,,,
2024-01-25 03:00:00,33.0,2764.0,16.3,15.0,16.0,12.0,363.0,1119.0,,,,,,,,
2024-01-25 04:00:00,13.0,2658.0,15.6,14.4,18.0,14.0,342.0,1126.0,,,,,,,,
2024-01-25 05:00:00,29.0,2577.0,14.9,14.1,15.0,28.0,318.0,1061.0,,,,,,,,
2024-01-25 06:00:00,17.0,2438.0,14.2,13.7,18.0,47.0,297.0,1053.0,,,,,,,,
2024-01-25 07:00:00,19.0,2265.0,14.8,13.7,27.0,83.0,280.0,786.0,,,,,,,,
2024-01-25 08:00:00,33.0,2102.0,16.7,15.2,33.0,151.0,267.0,765.0,,,,,,,,
2024-01-25 09:00:00,54.0,1993.0,19.3,17.1,49.0,180.0,261.0,765.0,,,,,,,,
2024-01-25 10:00:00,112.0,1911.0,21.4,18.7,57.0,193.0,256.0,687.0,,,,,,,,
2024-01-25 11:00:00,169.0,1863.0,23.1,20.1,77.0,120.0,255.0,704.0,,,,,,,,
2024-01-25 12:00:00,162.0,1816.0,24.9,21.3,88.0,112.0,258.0,822.0,,,,,,,,
2024-01-25 13:00:00,242.0,1820.0,26.3,22.2,121.0,110.0,262.0,884.0,,,,,,,,
2024-01-25 14:00:00,324.0,1833.0,27.3,22.9,81.0,100.0,280.0,1018.0,,,,,,,,
2024-01-25 15:00:00,322.0,1902.0,27.9,23.4,107.0,109.0,304.0,951.0,,,,,,,,
2024-01-25 16:00:00,262.0,1997.0,28.2,23.5,102.0,104.0,335.0,983.0,,,,,,,,
2024-01-25 17:00:00,340.0,2142.0,28.0,23.3,105.0,130.0,371.0,908.0,,,,,,,,
2024-01-25 18:00:00,295.0,2239.0,27.7,22.9,124.0,139.0,400.0,1065.0,,,,,,,,
2024-01-25 19:00:00,271.0,2355.0,26.6,22.1,92.0,101.0,419.0,1120.0,,,,,,,,
2024-01-25 20:00:00,284.0,2421.0,25.0,20.6,106.0,74.0,434.0,1116.0,,,,,,,,
2024-01-25 21:00:00,210.0,2516.0,22.4,19.1,53.0,58.0,451.0,1061.0,,,,,,,,
2024-01-25 22:00:00,185.0,2588.0,20.9,18.1,39.0,42.0,463.0,912.0,,,,,,,,
2024-01-25 23:00:00,257.0,2678.0,19.9,17.3,35.0,42.0,470.0,909.0,,,,,,,,
2024-01-26 00:00:00,125.0,2732.0,18.9,16.6,34.0,24.0,452.0,1008.0,,,,,,,,
2024-01-26 01:00:00,95.0,2780.0,17.9,16.2,19.0,25.0,418.0,1097.0,,,,,,,,
2024-01-26 02:00:00,57.0,2780.0,17.1,15.6,17.0,14.0,399.0,1075.0,,,,,,,,
2024-01-26 03:00:00,31.0,2741.0,16.3,15.1,16.0,15.0,392.0,1095.0,,,,,,,,
2024-01-26 04:00:00,22.0,2613.0,15.7,14.6,21.0,15.0,365.0,1038.0,,,,,,,,
2024-01-26 05:00:00,16.0,2528.0,14.9,14.2,17.0,27.0,335.0,963.0,,,,,,,,
2024-01-26 06:00:00,24.0,2394.0,14.2,13.8,16.0,51.0,306.0,985.0,,,,,,,,
2024-01-26 07:00:00,18.0,2198.0,14.9,13.8,22.0,128.0,284.0,789.0,,,,,,,,
2024-01-26 08:00:00,26.0,2034.0,16.8,15.4,41.0,187.0,269.0,771.0,,,,,,,,
2024-01-26 09:00:00,24.0,1935.0,19.3,17.2,58.0,186.0,256.0,847.0,,,,,,,,
2024-01-26 10:00:00,53.0,1853.0,21.5,18.8,77.0,150.0,248.0,838.0,,,,,,,,
2024-01-26 11:00:00,64.0,1794.0,23.2,20.1,116.0,119.0,243.0,547.0,,,,,,,,
2024-01-26 12:00:00,114.0,1771.0,25.1,21.3,108.0,124.0,242.0,324.0,,,,,,,,
2024-01-26 13:00:00,161.0,1763.0,26.4,22.2,74.0,135.0,241.0,320.0,,,,,,,,
2024-01-26 14:00:00,179.0,1752.0,27.4,22.9,76.0,97.0,266.0,358.0,,,,,,,,
2024-01-26 15:00:00,166.0,1804.0,28.1,23.5,61.0,117.0,300.0,557.0,,,,,,,,
2024-01-26 16:00:00,174.0,1905.0,28.3,23.6,51.0,124.0,335.0,797.0,,,,,,,,
2024-01-26 17:00:00,182.0,2006.0,28.2,23.4,69.0,157.0,365.0,1019.0,,,,,,,,
2024-01-26 18:00:00,241.0,2105.0,27.8,23.1,66.0,144.0,398.0,1014.0,,,,,,,,
2024-01-26 19:00:00,220.0,2168.0,26.7,22.2,55.0,114.0,427.0,945.0,,,,,,,,
2024-01-26 20:00:00,180.0,2240.0,25.1,20.7,46.0,78.0,450.0,891.0,,,,,,,,
2024-01-26 21:00:00,175.0,2295.0,22.6,19.2,56.0,48.0,469.0,886.0,,,,,,,,
2024-01-26 22:00:00,124.0,2374.0,21.1,18.2,31.0,47.0,478.0,798.0,,,,,,,,
2024-01-26 23:00:00,85.0,2463.0,20.1,17.3,43.0,35.0,482.0,859.0,,,,,,,,
2024-01-27 00:00:00,62.0,2526.0,19.1,16.7,18.0,23.0,474.0,928.0,,,,,,,,
2024-01-27 01:00:00,46.0,2578.0,18.1,16.3,16.0,19.0,457.0,997.0,,,,,,,,
2024-01-27 02:00:00,31.0,2567.0,17.2,15.7,18.0,15.0,434.0,969.0,,,,,,,,
2024-01-27 03:00:00,28.0,2500.0,16.4,15.2,13.0,17.0,419.0,918.0,,,,,,,,
2024-01-27 04:00:00,20.0,2415.0,15.7,14.7,14.0,16.0,385.0,854.0,,,,,,,,
2024-01-27 05:00:00,21.0,2354.0,15.0,14.3,13.0,31.0,347.0,845.0,,,,,,,,
2024-01-27 06:00:00,23.0,2224.0,14.3,14.0,12.0,44.0,317.0,767.0,,,,,,,,
2024-01-27 07:00:00,46.0,2033.0,14.9,14.0,25.0,127.0,293.0,693.0,,,,,,,,
2024-01-27 08:00:00,110.0,1896.0,16.9,15.6,26.0,208.0,277.0,575.0,,,,,,,,
2024-01-27 09:00:00,384.0,1821.0,19.4,17.3,35.0,155.0,268.0,573.0,,,,,,,,
2024-01-27 10:00:00,570.0,1764.0,21.7,18.9,35.0,141.0,268.0,512.0,,,,,,,,
2024-01-27 11:00:00,498.0,1738.0,23.4,20.3,52.0,118.0,277.0,465.0,,,,,,,,
2024-01-27 12:00:00,686.0,1733.0,25.2,21.4,49.0,99.0,298.0,447.0,,,,,,,,
2024-01-27 13:00:00,819.0,1776.0,26.7,22.4,77.0,124.0,316.0,435.0,,,,,,,,
2024-01-27 14:00:00,846.0,1880.0,27.7,23.1,64.0,94.0,335.0,438.0,,,,,,,,
2024-01-27 15:00:00,691.0,1993.0,28.2,23.6,57.0,57.0,367.0,628.0,,,,,,,,
2024-01-27 16:00:00,685.0,2098.0,28.5,23.7,50.0,110.0,401.0,774.0,,,,,,,,
2024-01-27 17:00:00,604.0,2160.0,28.3,23.6,61.0,130.0,435.0,927.0,,,,,,,,
2024-01-27 18:00:00,837.0,2212.0,27.9,23.2,60.0,155.0,464.0,1026.0,,,,,,,,
2024-01-27 19:00:00,625.0,2252.0,26.9,22.3,45.0,108.0,489.0,1059.0,,,,,,,,
2024-01-27 20:00:00,353.0,2256.0,25.3,20.9,35.0,58.0,506.0,985.0,,,,,,,,
2024-01-27 21:00:00,299.0,2265.0,22.7,19.3,42.0,47.0,494.0,977.0,,,,,,,,
2024-01-27 22:00:00,241.0,2289.0,21.2,18.3,31.0,46.0,498.0,958.0,,,,,,,,
2024-01-27 23:00:00,131.0,2317.0,20.2,17.4,16.0,30.0,512.0,942.0,,,,,,,,
2024-01-28 00:00:00,109.0,2322.0,19.2,16.8,21.0,22.0,496.0,929.0,,,,,,,,
2024-01-28 01:00:00,34.0,2347.0,18.2,16.3,14.0,19.0,476.0,929.0,,,,,,,,
2024-01-28 02:00:00,43.0,2349.0,17.4,15.8,14.0,11.0,451.0,952.0,,,,,,,,
2024-01-28 03:00:00,14.0,2315.0,16.6,15.2,15.0,12.0,445.0,999.0,,,,,,,,
2024-01-28 04:00:00,21.0,2287.0,15.9,14.8,14.0,16.0,402.0,975.0,,,,,,,,
2024-01-28 05:00:00,22.0,2262.0,15.1,14.4,14.0,26.0,360.0,912.0,,,,,,,,
2024-01-28 06:00:00,15.0,2176.0,14.4,14.1,18.0,60.0,327.0,866.0,,,,,,,,
2024-01-28 07:00:00,40.0,2001.0,15.1,14.1,24.0,136.0,304.0,696.0,,,,,,,,
2024-01-28 08:00:00,125.0,1871.0,17.0,15.7,29.0,192.0,287.0,656.0,,,,,,,,
2024-01-28 09:00:00,402.0,1812.0,19.6,17.5,46.0,160.0,277.0,555.0,,,,,,,,
2024-01-28 10:00:00,622.0,1758.0,21.8,19.1,47.0,142.0,275.0,553.0,,,,,,,,
2024-01-28 11:00:00,512.0,1738.0,23.5,20.4,57.0,125.0,285.0,591.0,,,,,,,,
2024-01-28 12:00:00,654.0,1737.0,25.4,21.6,54.0,112.0,316.0,540.0,,,,,,,,
2024-01-28 13:00:00,776.0,1779.0,26.8,22.6,66.0,105.0,341.0,432.0,,,,,,,,
2024-01-28 14:00:00,714.0,1877.0,27.8,23.2,55.0,118.0,360.0,427.0,,,,,,,,
2024-01-28 15:00:00,656.0,1996.0,28.4,23.8,62.0,101.0,395.0,590.0,,,,,,,,
2024-01-28 16:00:00,627.0,2088.0,28.6,23.9,61.0,117.0,428.0,711.0,,,,,,,,
2024-01-28 17:00:00,854.0,2152.0,28.4,23.7,64.0,160.0,466.0,827.0,,,,,,,,
2024-01-28 18:00:00,806.0,2208.0,28.1,23.3,59.0,131.0,502.0,969.0,,,,,,,,
2024-01-28 19:00:00,723.0,2264.0,27.0,22.4,26.0,98.0,529.0,1076.0,,,,,,,,
2024-01-28 20:00:00,397.0,2293.0,25.4,21.1,47.0,60.0,545.0,1064.0,,,,,,,,
2024-01-28 21:00:00,308.0,2334.0,22.8,19.4,30.0,54.0,554.0,1061.0,,,,,,,,
2024-01-28 22:00:00,175.0,2382.0,21.3,18.4,20.0,58.0,556.0,1025.0,,,,,,,,
2024-01-28 23:00:00,115.0,2426.0,20.3,17.6,17.0,30.0,557.0,996.0,,,,,,,,
2024-01-29 00:00:00,87.0,2473.0,19.3,16.9,12.0,39.0,544.0,1023.0,,,,,,,,
2024-01-29 01:00:00,45.0,2528.0,18.3,16.4,12.0,23.0,523.0,1089.0,,,,,,,,
2024-01-29 02:00:00,22.0,2576.0,17.4,15.9,14.0,16.0,504.0,1056.0,,,,,,,,
2024-01-29 03:00:00,20.0,2562.0,16.7,15.4,14.0,18.0,484.0,1059.0,,,,,,,,
2024-01-29 04:00:00,21.0,2505.0,16.0,14.9,12.0,12.0,446.0,1068.0,,,,,,,,
2024-01-29 05:00:00,15.0,2448.0,15.2,14.5,14.0,24.0,409.0,1061.0,,,,,,,,
2024-01-29 06:00:00,14.0,2327.0,14.5,14.2,20.0,43.0,387.0,949.0,,,,,,,,
2024-01-29 07:00:00,49.0,2148.0,15.2,14.3,24.0,108.0,349.0,660.0,,,,,,,,
2024-01-29 08:00:00,130.0,2001.0,17.1,15.9,37.0,164.0,326.0,573.0,,,,,,,,
2024-01-29 09:00:00,337.0,1907.0,19.7,17.7,48.0,170.0,313.0,585.0,,,,,,,,
2024-01-29 10:00:00,479.0,1861.0,21.9,19.3,45.0,147.0,308.0,643.0,,,,,,,,
2024-01-29 11:00:00,497.0,1812.0,23.6,20.6,36.0,115.0,315.0,558.0,,,,,,,,
2024-01-29 12:00:00,557.0,1811.0,25.4,21.8,46.0,125.0,344.0,517.0,,,,,,,,
2024-01-29 13:00:00,674.0,1851.0,26.9,22.7,49.0,126.0,362.0,581.0,,,,,,,,
2024-01-29 14:00:00,716.0,1939.0,27.9,23.4,40.0,124.0,383.0,723.0,,,,,,,,
2024-01-29 15:00:00,607.0,2043.0,28.5,23.9,47.0,155.0,414.0,1003.0,,,,,,,,
2024-01-29 16:00:00,641.0,2152.0,28.8,24.1,55.0,146.0,453.0,1005.0,,,,,,,,
2024-01-29 17:00:00,637.0,2235.0,28.6,23.9,57.0,156.0,481.0,1083.0,,,,,,,,
2024-01-29 18:00:00,1024.0,2276.0,28.2,23.4,51.0,150.0,507.0,1114.0,,,,,,,,
2024-01-29 19:00:00,703.0,2352.0,27.1,22.6,26.0,129.0,539.0,1033.0,,,,,,,,
2024-01-29 20:00:00,419.0,2410.0,25.5,21.2,28.0,80.0,566.0,972.0,,,,,,,,
2024-01-29 21:00:00,271.0,2502.0,22.9,19.6,23.0,56.0,586.0,967.0,,,,,,,,
2024-01-29 22:00:00,158.0,2589.0,21.4,18.6,24.0,56.0,575.0,967.0,,,,,,,,
2024-01-29 23:00:00,158.0,2666.0,20.4,17.7,17.0,40.0,550.0,968.0,,,,,,,,
2024-01-30 00:00:00,174.0,2733.0,19.4,17.1,15.0,29.0,506.0,987.0,,,,,,,,
2024-01-30 01:00:00,52.0,2794.0,18.4,16.6,17.0,24.0,472.0,1115.0,,,,,,,,
2024-01-30 02:00:00,37.0,2829.0,17.6,16.0,12.0,16.0,459.0,1134.0,,,,,,,,
2024-01-30 03:00:00,24.0,2815.0,16.8,15.5,15.0,13.0,433.0,1131.0,,,,,,,,
2024-01-30 04:00:00,14.0,2742.0,16.1,15.1,14.0,14.0,391.0,1134.0,,,,,,,,
2024-01-30 05:00:00,,,15.3,14.7,15.0,16.0,,,17.0,2657.0,,,,,359.0,1130.0
2024-01-30 06:00:00,,,14.6,14.3,12.0,28.0,,,23.0,2473.0,,,,,332.0,1123.0
2024-01-30 07:00:00,,,15.3,14.4,21.0,44.0,,,47.0,2260.0,,,,,312.0,1037.0
2024-01-30 08:00:00,,,17.2,16.1,40.0,77.0,,,90.0,2081.0,,,,,289.0,1003.0
2024-01-30 09:00:00,,,19.7,17.8,62.0,112.0,,,377.0,1988.0,,,,,276.0,690.0
2024-01-30 10:00:00,,,22.0,19.4,51.0,141.0,,,606.0,1924.0,,,,,275.0,507.0
2024-01-30 11:00:00,,,23.7,20.8,50.0,165.0,,,506.0,1885.0,,,,,285.0,556.0
2024-01-30 12:00:00,,,25.6,21.9,65.0,162.0,,,561.0,1865.0,,,,,316.0,686.0
2024-01-30 13:00:00,,,27.1,22.8,45.0,191.0,,,762.0,1902.0,,,,,340.0,746.0
2024-01-30 14:00:00,,,28.1,23.6,40.0,206.0,,,816.0,1983.0,,,,,356.0,760.0
2024-01-30 15:00:00,,,28.7,24.1,54.0,197.0,,,728.0,2094.0,,,,,376.0,786.0
2024-01-30 16:00:00,,,28.9,24.2,42.0,173.0,,,655.0,2218.0,,,,,394.0,942.0
2024-01-30 17:00:00,,,28.7,23.9,65.0,151.0,,,683.0,2325.0,,,,,427.0,877.0
2024-01-30 18:00:00,,,28.3,23.6,54.0,126.0,,,823.0,2406.0,,,,,461.0,911.0
2024-01-30 19:00:00,,,27.2,22.7,25.0,111.0,,,666.0,2507.0,,,,,493.0,1003.0
2024-01-30 20:00:00,,,25.6,21.3,27.0,88.0,,,424.0,2598.0,,,,,523.0,1062.0
2024-01-30 21:00:00,,,22.9,19.8,25.0,59.0,,,258.0,2729.0,,,,,539.0,1092.0
2024-01-30 22:00:00,,,21.5,18.7,13.0,47.0,,,212.0,2838.0,,,,,506.0,1107.0
2024-01-30 23:00:00,,,20.5,17.8,22.0,34.0,,,140.0,2938.0,,,,,471.0,1108.0
2024-01-31 00:00:00,,,19.5,17.2,14.0,38.0,,,91.0,3009.0,,,,,450.0,1110.0
2024-01-31 01:00:00,,,18.5,16.8,19.0,33.0,,,47.0,3065.0,,,,,431.0,1110.0
2024-01-31 02:00:00,,,17.7,16.2,18.0,18.0,,,42.0,3089.0,,,,,422.0,1090.0
2024-01-31 03:00:00,,,16.8,15.7,13.0,16.0,,,34.0,3054.0,,,,,412.0,1085.0
2024-01-31 04:00:00,,,16.2,15.3,16.0,15.0,,,18.0,2959.0,,,,,381.0,1068.0
2024-01-31 05:00:00,,,15.4,14.9,12.0,12.0,,,14.0,2827.0,,,,,350.0,964.0
2024-01-31 06:00:00,,,14.7,14.6,16.0,21.0,,,21.0,2657.0,,,,,324.0,970.0
2024-01-31 07:00:00,,,15.4,14.7,29.0,23.0,,,42.0,2413.0,,,,,307.0,864.0
2024-01-31 08:00:00,,,17.3,16.2,36.0,60.0,,,123.0,2233.0,,,,,279.0,835.0
2024-01-31 09:00:00,,,19.8,18.0,56.0,95.0,,,341.0,2068.0,,,,,269.0,645.0
2024-01-31 10:00:00,,,22.0,19.6,43.0,111.0,,,475.0,1945.0,,,,,267.0,695.0
2024-01-31 11:00:00,,,23.7,20.9,62.0,184.0,,,504.0,1887.0,,,,,277.0,704.0
2024-01-31 12:00:00,,,25.6,22.1,47.0,185.0,,,617.0,1860.0,,,,,305.0,659.0
2024-01-31 13:00:00,,,27.1,23.0,48.0,204.0,,,728.0,1905.0,,,,,326.0,558.0
2024-01-31 14:00:00,,,28.1,23.7,47.0,188.0,,,814.0,2000.0,,,,,356.0,484.0
2024-01-31 15:00:00,,,28.7,24.2,66.0,196.0,,,625.0,2107.0,,,,,389.0,570.0
2024-01-31 16:00:00,,,28.9,24.3,51.0,157.0,,,660.0,2250.0,,,,,418.0,748.0
2024-01-31 17:00:00,,,28.8,24.1,59.0,143.0,,,610.0,2378.0,,,,,450.0,922.0
2024-01-31 18:00:00,,,28.4,23.7,69.0,145.0,,,850.0,2489.0,,,,,473.0,1050.0
2024-01-31 19:00:00,,,27.3,22.8,38.0,96.0,,,480.0,2593.0,,,,,475.0,1103.0
2024-01-31 20:00:00,,,25.7,21.4,38.0,71.0,,,287.0,2715.0,,,,,494.0,1098.0
2024-01-31 21:00:00,,,23.0,19.9,29.0,68.0,,,195.0,2831.0,,,,,512.0,1090.0
2024-01-31 22:00:00,,,21.6,18.8,23.0,40.0,,,205.0,2964.0,,,,,512.0,1102.0
2024-01-31 23:00:00,,,20.6,18.0,28.0,32.0,,,168.0,3071.0,,,,,504.0,1111.0
2024-02-01 00:00:00,,,19.6,17.4,19.0,39.0,,,114.0,3115.0,,,,,494.0,1122.0
2024-02-01 01:00:00,,,18.5,16.9,13.0,24.0,,,100.0,3153.0,,,,,474.0,1124.0
2024-02-01 02:00:00,,,17.7,16.3,15.0,15.0,,,81.0,3135.0,,,,,457.0,1124.0
2024-02-01 03:00:00,,,16.9,15.8,14.0,16.0,,,50.0,3121.0,,,,,441.0,1109.0
2024-02-01 04:00:00,,,16.2,15.4,21.0,12.0,,,21.0,3005.0,,,,,413.0,1108.0
2024-02-01 05:00:00,,,15.5,15.0,12.0,28.0,,,,,,,,,,
2024-02-01 06:00:00,,,14.8,14.7,15.0,33.0,,,,,,,,,,
2024-02-01 07:00:00,,,15.5,14.9,31.0,58.0,,,,,,,,,,
2024-02-01 08:00:00,,,17.3,16.4,37.0,129.0,,,,,,,,,,
2024-02-01 09:00:00,,,19.8,18.1,57.0,151.0,,,,,,,,,,
2024-02-01 10:00:00,,,22.1,19.7,64.0,158.0,,,,,,,,,,
2024-02-01 11:00:00,,,23.8,21.0,66.0,172.0,,,,,,,,,,
2024-02-01 12:00:00,,,25.7,22.1,70.0,189.0,,,,,,,,,,
2024-02-01 13:00:00,,,27.2,23.1,67.0,179.0,,,,,,,,,,
2024-02-01 14:00:00,,,28.2,23.7,59.0,175.0,,,,,,,,,,
2024-02-01 15:00:00,,,28.9,24.2,71.0,146.0,,,,,,,,,,
2024-02-01 16:00:00,,,29.1,24.3,77.0,124.0,,,,,,,,,,
2024-02-01 17:00:00,,,28.9,24.2,104.0,114.0,,,,,,,,,,
2024-02-01 18:00:00,,,28.5,23.8,108.0,143.0,,,,,,,,,,
2024-02-01 19:00:00,,,27.5,22.9,100.0,122.0,,,,,,,,,,
2024-02-01 20:00:00,,,25.8,21.6,75.0,75.0,,,,,,,,,,
2024-02-01 21:00:00,,,23.1,20.0,38.0,57.0,,,,,,,,,,
2024-02-01 22:00:00,,,21.7,18.9,27.0,46.0,,,,,,,,,,
2024-02-01 23:00:00,,,20.7,18.1,32.0,35.0,,,,,,,,,,
2024-02-02 00:00:00,,,19.7,17.4,21.0,26.0,,,,,,,,,,
2024-02-02 01:00:00,,,18.5,17.0,16.0,13.0,,,,,,,,,,
2024-02-02 02:00:00,,,17.8,16.4,15.0,18.0,,,,,,,,,,
2024-02-02 03:00:00,,,16.9,16.0,18.0,13.0,,,,,,,,,,
2024-02-02 04:00:00,,,16.3,15.6,19.0,15.0,,,,,,,,,,
2024-02-02 05:00:00,,,15.6,15.2,17.0,29.0,,,,,,,,,,
2024-02-02 06:00:00,,,14.9,14.9,17.0,46.0,,,,,,,,,,
2024-02-02 07:00:00,,,15.5,15.1,26.0,147.0,,,,,,,,,,
2024-02-02 08:00:00,,,17.4,16.6,41.0,200.0,,,,,,,,,,
2024-02-02 09:00:00,,,19.9,18.2,52.0,182.0,,,,,,,,,,
2024-02-02 10:00:00,,,22.2,19.8,66.0,144.0,,,,,,,,,,
2024-02-02 11:00:00,,,23.9,21.1,58.0,112.0,,,,,,,,,,
2024-02-02 12:00:00,,,25.7,22.2,65.0,118.0,,,,,,,,,,
2024-02-02 13:00:00,,,27.2,23.1,58.0,130.0,,,,,,,,,,
2024-02-02 14:00:00,,,28.3,23.8,56.0,98.0,,,,,,,,,,
2024-02-02 15:00:00,,,28.9,24.3,52.0,102.0,,,,,,,,,,
2024-02-02 16:00:00,,,29.1,24.4,44.0,133.0,,,,,,,,,,
2024-02-02 17:00:00,,,29.0,24.2,55.0,151.0,,,,,,,,,,
2024-02-02 18:00:00,,,28.6,23.8,61.0,155.0,,,,,,,,,,
2024-02-02 19:00:00,,,27.6,23.0,44.0,122.0,,,,,,,,,,
2024-02-02 20:00:00,,,25.9,21.7,36.0,76.0,,,,,,,,,,
2024-02-02 21:00:00,,,23.2,20.1,36.0,67.0,,,,,,,,,,
2024-02-02 22:00:00,,,21.7,19.1,30.0,48.0,,,,,,,,,,
2024-02-02 23:00:00,,,20.7,18.3,29.0,41.0,,,,,,,,,,
2024-02-03 00:00:00,,,19.8,17.6,23.0,25.0,,,,,,,,,,
2024-02-03 01:00:00,,,18.6,17.1,19.0,18.0,,,,,,,,,,
2024-02-03 02:00:00,,,17.8,16.6,12.0,15.0,,,,,,,,,,
2024-02-03 03:00:00,,,17.1,16.1,13.0,12.0,,,,,,,,,,
2024-02-03 04:00:00,,,16.4,15.7,15.0,16.0,,,,,,,,,,
2024-02-03 05:00:00,,,15.7,15.3,16.0,27.0,,,,,,,,,,
2024-02-03 06:00:00,,,14.9,15.1,13.0,53.0,,,,,,,,,,
2024-02-03 07:00:00,,,15.6,15.2,15.0,131.0,,,,,,,,,,
2024-02-03 08:00:00,,,17.4,16.8,22.0,203.0,,,,,,,,,,
2024-02-03 09:00:00,,,19.9,18.4,32.0,161.0,,,,,,,,,,
2024-02-03 10:00:00,,,22.2,19.9,36.0,142.0,,,,,,,,,,
2024-02-03 11:00:00,,,23.9,21.3,64.0,129.0,,,,,,,,,,
2024-02-03 12:00:00,,,25.7,22.4,69.0,118.0,,,,,,,,,,
2024-02-03 13:00:00,,,27.3,23.3,77.0,142.0,,,,,,,,,,
2024-02-03 14:00:00,,,28.3,23.9,69.0,106.0,,,,,,,,,,
2024-02-03 15:00:00,,,28.9,24.4,79.0,106.0,,,,,,,,,,
2024-02-03 16:00:00,,,29.1,24.6,62.0,111.0,,,,,,,,,,
2024-02-03 17:00:00,,,29.0,24.3,72.0,162.0,,,,,,,,,,
2024-02-03 18:00:00,,,28.6,23.9,63.0,154.0,,,,,,,,,,
2024-02-03 19:00:00,,,27.6,23.1,55.0,117.0,,,,,,,,,,
2024-02-03 20:00:00,,,25.9,21.8,55.0,77.0,,,,,,,,,,
2024-02-03 21:00:00,,,23.2,20.3,39.0,68.0,,,,,,,,,,
2024-02-03 22:00:00,,,21.7,19.2,21.0,55.0,,,,,,,,,,
2024-02-03 23:00:00,,,20.7,18.4,22.0,32.0,,,,,,,,,,
2024-02-04 00:00:00,,,19.8,17.8,13.0,21.0,,,,,,,,,,
2024-02-04 01:00:00,,,18.6,17.3,14.0,15.0,,,,,,,,,,
2024-02-04 02:00:00,,,17.9,16.7,13.0,20.0,,,,,,,,,,
2024-02-04 03:00:00,,,17.1,16.3,15.0,12.0,,,,,,,,,,
2024-02-04 04:00:00,,,16.4,15.8,13.0,13.0,,,,,,,,,,
2024-02-04 05:00:00,,,15.7,15.5,13.0,25.0,,,,,,,,,,
2024-02-04 06:00:00,,,15.0,15.2,18.0,37.0,,,,,,,,,,
2024-02-04 07:00:00,,,15.6,15.4,24.0,134.0,,,,,,,,,,
2024-02-04 08:00:00,,,17.4,16.9,36.0,183.0,,,,,,,,,,
2024-02-04 09:00:00,,,19.9,18.6,57.0,179.0,,,,,,,,,,
2024-02-04 10:00:00,,,22.2,20.1,50.0,156.0,,,,,,,,,,
2024-02-04 11:00:00,,,24.0,21.4,61.0,116.0,,,,,,,,,,
2024-02-04 12:00:00,,,25.8,22.5,44.0,129.0,,,,,,,,,,
2024-02-04 13:00:00,,,27.3,23.4,38.0,129.0,,,,,,,,,,
2024-02-04 14:00:00,,,28.4,24.1,39.0,143.0,,,,,,,,,,
2024-02-04 15:00:00,,,29.0,24.5,39.0,120.0,,,,,,,,,,
2024-02-04 16:00:00,,,29.2,24.7,45.0,124.0,,,,,,,,,,
2024-02-04 17:00:00,,,29.1,24.4,36.0,164.0,,,,,,,,,,
2024-02-04 18:00:00,,,28.6,24.1,43.0,151.0,,,,,,,,,,
2024-02-04 19:00:00,,,27.6,23.3,30.0,111.0,,,,,,,,,,
2024-02-04 20:00:00,,,25.9,22.0,32.0,82.0,,,,,,,,,,
2024-02-04 21:00:00,,,23.2,20.4,26.0,62.0,,,,,,,,,,
2024-02-04 22:00:00,,,21.8,19.4,19.0,66.0,,,,,,,,,,
2024-02-04 23:00:00,,,20.7,18.6,19.0,37.0,,,,,,,,,,
2024-02-05 00:00:00,,,19.8,17.9,11.0,33.0,,,,,,,,,,
2024-02-05 01:00:00,,,18.6,17.4,12.0,15.0,,,,,,,,,,
2024-02-05 02:00:00,,,17.9,16.9,11.0,16.0,,,,,,,,,,
2024-02-05 03:00:00,,,17.2,16.4,12.0,13.0,,,,,,,,,,
2024-02-05 04:00:00,,,16.4,16.0,17.0,13.0,,,,,,,,,,
2024-02-05 05:00:00,,,15.8,15.7,13.0,28.0,,,,,,,,,,
2024-02-05 06:00:00,,,15.1,15.4,18.0,43.0,,,,,,,,,,
2024-02-05 07:00:00,,,15.7,15.6,25.0,144.0,,,,,,,,,,
2024-02-05 08:00:00,,,17.5,17.1,43.0,181.0,,,,,,,,,,
2024-02-05 09:00:00,,,19.9,18.8,53.0,162.0,,,,,,,,,,
2024-02-05 10:00:00,,,22.2,20.3,43.0,147.0,,,,,,,,,,
2024-02-05 11:00:00,,,24.0,21.6,43.0,127.0,,,,,,,,,,
2024-02-05 12:00:00,,,25.8,22.7,31.0,131.0,,,,,,,,,,
2024-02-05 13:00:00,,,27.3,23.6,44.0,149.0,,,,,,,,,,
2024-02-05 14:00:00,,,28.4,24.2,34.0,120.0,,,,,,,,,,
2024-02-05 15:00:00,,,29.1,24.7,44.0,159.0,,,,,,,,,,
2024-02-05 16:00:00,,,29.2,24.8,39.0,154.0,,,,,,,,,,
2024-02-05 17:00:00,,,29.1,24.6,51.0,157.0,,,,,,,,,,
2024-02-05 18:00:00,,,28.6,24.2,53.0,169.0,,,,,,,,,,
2024-02-05 19:00:00,,,27.6,23.4,32.0,130.0,,,,,,,,,,
2024-02-05 20:00:00,,,25.9,22.2,32.0,87.0,,,,,,,,,,
2024-02-05 21:00:00,,,23.3,20.7,23.0,72.0,,,,,,,,,,
2024-02-05 22:00:00,,,21.8,19.6,21.0,48.0,,,,,,,,,,
2024-02-05 23:00:00,,,20.8,18.8,29.0,44.0,,,,,,,,,,
2024-02-06 00:00:00,,,19.9,18.2,16.0,41.0,,,,,,,,,,
2024-02-06 01:00:00,,,18.6,17.6,13.0,25.0,,,,,,,,,,
2024-02-06 02:00:00,,,18.0,17.1,14.0,19.0,,,,,,,,,,
2024-02-06 03:00:00,,,17.3,16.7,15.0,14.0,,,,,,,,,,
2024-02-06 04:00:00,,,16.6,16.2,13.0,14.0,,,,,,,,,,
2024-02-06 05:00:00,,,15.9,15.9,14.0,18.0,,,,,,,,,,
2024-02-06 06:00:00,,,15.2,15.6,16.0,23.0,,,,,,,,,,
2024-02-06 07:00:00,,,15.8,15.8,27.0,31.0,,,,,,,,,,
2024-02-06 08:00:00,,,17.6,17.3,32.0,83.0,,,,,,,,,,
2024-02-06 09:00:00,,,20.1,19.1,41.0,84.0,,,,,,,,,,
2024-02-06 10:00:00,,,22.3,20.6,47.0,168.0,,,,,,,,,,
2024-02-06 11:00:00,,,24.1,21.9,51.0,178.0,,,,,,,,,,
2024-02-06 12:00:00,,,25.8,23.0,40.0,180.0,,,,,,,,,,
2024-02-06 13:00:00,,,27.3,23.8,37.0,198.0,,,,,,,,,,
2024-02-06 14:00:00,,,28.3,24.4,45.0,189.0,,,,,,,,,,
2024-02-06 15:00:00,,,29.0,24.9,60.0,167.0,,,,,,,,,,
2024-02-06 16:00:00,,,29.2,25.1,52.0,170.0,,,,,,,,,,
2024-02-06 17:00:00,,,29.0,24.9,63.0,137.0,,,,,,,,,,
2024-02-06 18:00:00,,,28.5,24.4,58.0,123.0,,,,,,,,,,
2024-02-06 19:00:00,,,27.4,23.7,54.0,73.0,,,,,,,,,,
2024-02-06 20:00:00,,,25.8,22.4,45.0,75.0,,,,,,,,,,
2024-02-06 21:00:00,,,23.2,20.9,24.0,54.0,,,,,,,,,,
2024-02-06 22:00:00,,,21.7,19.8,21.0,48.0,,,,,,,,,,
2024-02-06 23:00:00,,,20.8,19.0,20.0,41.0,,,,,,,,,,
2024-02-07 00:00:00,,,19.9,18.4,17.0,30.0,,,,,,,,,,
2024-02-07 01:00:00,,,18.6,17.8,15.0,23.0,,,,,,,,,,
2024-02-07 02:00:00,,,18.0,17.3,15.0,20.0,,,,,,,,,,
2024-02-07 03:00:00,,,17.2,16.9,13.0,19.0,,,,,,,,,,
2024-02-07 04:00:00,,,16.5,16.4,15.0,15.0,,,,,,,,,,
2024-02-07 05:00:00,,,15.8,16.1,12.0,15.0,,,,,,,,,,
2024-02-07 06:00:00,,,15.2,15.8,14.0,22.0,,,,,,,,,,
2024-02-07 07:00:00,,,15.8,16.0,27.0,40.0,,,,,,,,,,
2024-02-07 08:00:00,,,17.6,17.6,22.0,63.0,,,,,,,,,,
2024-02-07 09:00:00,,,20.1,19.3,49.0,55.0,,,,,,,,,,
2024-02-07 10:00:00,,,22.3,20.8,46.0,115.0,,,,,,,,,,
2024-02-07 11:00:00,,,24.1,22.1,49.0,150.0,,,,,,,,,,
2024-02-07 12:00:00,,,25.8,23.2,53.0,148.0,,,,,,,,,,
2024-02-07 13:00:00,,,27.3,24.0,61.0,164.0,,,,,,,,,,
2024-02-07 14:00:00,,,28.3,24.6,60.0,158.0,,,,,,,,,,
2024-02-07 15:00:00,,,28.9,25.1,71.0,129.0,,,,,,,,,,
2024-02-07 16:00:00,,,29.2,25.3,70.0,137.0,,,,,,,,,,
2024-02-07 17:00:00,,,29.0,25.1,101.0,105.0,,,,,,,,,,
2024-02-07 18:00:00,,,28.5,24.6,74.0,121.0,,,,,,,,,,
2024-02-07 19:00:00,,,27.5,23.8,42.0,88.0,,,,,,,,,,
2024-02-07 20:00:00,,,25.8,22.6,67.0,60.0,,,,,,,,,,
2024-02-07 21:00:00,,,23.2,21.1,38.0,49.0,,,,,,,,,,
2024-02-07 22:00:00,,,21.7,20.1,30.0,34.0,,,,,,,,,,
2024-02-07 23:00:00,,,20.8,19.2,21.0,38.0,,,,,,,,,,
2024-02-08 00:00:00,,,19.9,18.6,19.0,27.0,,,,,,,,,,
2024-02-08 01:00:00,,,18.5,17.9,12.0,16.0,,,,,,,,,,
2024-02-08 02:00:00,,,18.0,17.6,13.0,15.0,,,,,,,,,,
2024-02-08 03:00:00,,,17.3,17.1,16.0,15.0,,,,,,,,,,
2024-02-08 04:00:00,,,16.6,16.7,18.0,14.0,,,,,,,,,,
2024-02-08 05:00:00,,,15.9,16.3,12.0,32.0,,,,,,,,,,
2024-02-08 06:00:00,,,15.3,16.1,16.0,50.0,,,,,,,,,,
2024-02-08 07:00:00,,,15.8,16.3,24.0,127.0,,,,,,,,,,
2024-02-08 08:00:00,,,17.6,17.8,27.0,212.0,,,,,,,,,,
2024-02-08 09:00:00,,,20.1,19.5,60.0,182.0,,,,,,,,,,
2024-02-08 10:00:00,,,22.3,21.0,66.0,139.0,,,,,,,,,,
2024-02-08 11:00:00,,,24.1,22.3,78.0,114.0,,,,,,,,,,
2024-02-08 12:00:00,,,25.8,23.4,70.0,121.0,,,,,,,,,,
2024-02-08 13:00:00,,,27.3,24.2,61.0,140.0,,,,,,,,,,
2024-02-08 14:00:00,,,28.3,24.8,51.0,108.0,,,,,,,,,,
2024-02-08 15:00:00,,,28.9,25.3,44.0,105.0,,,,,,,,,,
2024-02-08 16:00:00,,,29.2,25.5,76.0,133.0,,,,,,,,,,
2024-02-08 17:00:00,,,29.0,25.3,66.0,151.0,,,,,,,,,,
2024-02-08 18:00:00,,,28.4,24.7,65.0,160.0,,,,,,,,,,
2024-02-08 19:00:00,,,27.4,23.9,51.0,137.0,,,,,,,,,,
2024-02-08 20:00:00,,,25.7,22.8,39.0,65.0,,,,,,,,,,
2024-02-08 21:00:00,,,23.1,21.3,40.0,68.0,,,,,,,,,,
2024-02-08 22:00:00,,,21.7,20.3,28.0,54.0,,,,,,,,,,
2024-02-08 23:00:00,,,20.8,19.4,24.0,40.0,,,,,,,,,,
2024-02-09 00:00:00,,,19.9,18.8,30.0,22.0,,,,,,,,,,
2024-02-09 01:00:00,,,18.5,18.1,24.0,21.0,,,,,,,,,,
2024-02-09 02:00:00,,,18.1,17.8,15.0,15.0,,,,,,,,,,
2024-02-09 03:00:00,,,17.3,17.3,15.0,16.0,,,,,,,,,,
2024-02-09 04:00:00,,,16.6,16.9,11.0,14.0,,,,,,,,,,
2024-02-09 05:00:00,,,16.0,16.6,14.0,30.0,,,,,,,,,,
2024-02-09 06:00:00,,,15.4,16.3,11.0,52.0,,,,,,,,,,
2024-02-09 07:00:00,,,15.8,16.5,18.0,130.0,,,,,,,,,,
2024-02-09 08:00:00,,,17.6,18.1,30.0,198.0,,,,,,,,,,
2024-02-09 09:00:00,,,20.1,19.7,41.0,142.0,,,,,,,,,,
2024-02-09 10:00:00,,,22.3,21.2,44.0,146.0,,,,,,,,,,
2024-02-09 11:00:00,,,24.2,22.4,50.0,114.0,,,,,,,,,,
2024-02-09 12:00:00,,,25.8,23.6,66.0,108.0,,,,,,,,,,
2024-02-09 13:00:00,,,27.3,24.3,75.0,110.0,,,,,,,,,,
2024-02-09 14:00:00,,,28.3,24.9,69.0,116.0,,,,,,,,,,
2024-02-09 15:00:00,,,28.9,25.4,60.0,96.0,,,,,,,,,,
2024-02-09 16:00:00,,,29.2,25.7,88.0,120.0,,,,,,,,,,
2024-02-09 17:00:00,,,28.9,25.4,75.0,148.0,,,,,,,,,,
2024-02-09 18:00:00,,,28.4,24.9,57.0,166.0,,,,,,,,,,
2024-02-09 19:00:00,,,27.4,24.1,59.0,124.0,,,,,,,,,,
2024-02-09 20:00:00,,,25.7,22.9,42.0,80.0,,,,,,,,,,
2024-02-09 21:00:00,,,23.1,21.4,34.0,58.0,,,,,,,,,,
2024-02-09 22:00:00,,,21.7,20.5,37.0,52.0,,,,,,,,,,
2024-02-09 23:00:00,,,20.8,19.7,24.0,43.0,,,,,,,,,,
2024-02-10 00:00:00,,,19.9,19.1,16.0,23.0,,,,,,,,,,
2024-02-10 01:00:00,,,,,,,,,,,18.6,18.3,16.0,18.0,,
2024-02-10 02:00:00,,,,,,,,,,,18.1,18.0,12.0,14.0,,
2024-02-10 03:00:00,,,,,,,,,,,17.4,17.6,17.0,15.0,,
2024-02-10 04:00:00,,,,,,,,,,,16.6,17.2,18.0,17.0,,
2024-02-10 05:00:00,,,,,,,,,,,16.1,16.8,19.0,29.0,,
2024-02-10 06:00:00,,,,,,,,,,,15.4,16.4,22.0,41.0,,
2024-02-10 07:00:00,,,,,,,,,,,15.9,16.7,24.0,94.0,,
2024-02-10 08:00:00,,,,,,,,,,,17.6,18.2,38.0,176.0,,
2024-02-10 09:00:00,,,,,,,,,,,20.1,19.9,47.0,184.0,,
2024-02-10 10:00:00,,,,,,,,,,,22.3,21.3,42.0,184.0,,
2024-02-10 11:00:00,,,,,,,,,,,24.2,22.6,38.0,130.0,,
2024-02-10 12:00:00,,,,,,,,,,,25.8,23.7,43.0,105.0,,
2024-02-10 13:00:00,,,,,,,,,,,27.3,24.5,34.0,121.0,,
2024-02-10 14:00:00,,,,,,,,,,,28.3,25.1,33.0,107.0,,
2024-02-10 15:00:00,,,,,,,,,,,28.9,25.6,38.0,112.0,,
2024-02-10 16:00:00,,,,,,,,,,,29.2,25.8,44.0,126.0,,
2024-02-10 17:00:00,,,,,,,,,,,28.9,25.6,41.0,148.0,,
2024-02-10 18:00:00,,,,,,,,,,,28.4,25.0,47.0,142.0,,
2024-02-10 19:00:00,,,,,,,,,,,27.4,24.2,33.0,103.0,,
2024-02-10 20:00:00,,,,,,,,,,,25.6,23.1,32.0,83.0,,
2024-02-10 21:00:00,,,,,,,,,,,23.1,21.6,20.0,66.0,,
2024-02-10 22:00:00,,,,,,,,,,,21.7,20.6,22.0,61.0,,
2024-02-10 23:00:00,,,,,,,,,,,20.8,19.8,23.0,41.0,,
2024-02-11 00:00:00,,,,,,,,,,,19.9,19.2,13.0,27.0,,
2024-02-11 01:00:00,,,,,,,,,,,18.7,18.4,11.0,16.0,,
2024-02-11 02:00:00,,,,,,,,,,,18.2,18.2,11.0,18.0,,
2024-02-11 03:00:00,,,,,,,,,,,17.4,17.7,13.0,14.0,,
2024-02-11 04:00:00,,,,,,,,,,,16.7,17.3,15.0,15.0,,
2024-02-11 05:00:00,,,,,,,,,,,16.2,16.9,15.0,32.0,,
2024-02-11 06:00:00,,,,,,,,,,,15.5,16.6,14.0,40.0,,
2024-02-11 07:00:00,,,,,,,,,,,15.9,16.9,26.0,134.0,,
2024-02-11 08:00:00,,,,,,,,,,,17.6,18.4,34.0,181.0,,
2024-02-11 09:00:00,,,,,,,,,,,20.1,20.1,51.0,165.0,,
2024-02-11 10:00:00,,,,,,,,,,,22.3,21.6,52.0,153.0,,
2024-02-11 11:00:00,,,,,,,,,,,24.2,22.8,29.0,126.0,,
2024-02-11 12:00:00,,,,,,,,,,,25.8,23.8,32.0,116.0,,
2024-02-11 13:00:00,,,,,,,,,,,27.2,24.7,49.0,152.0,,
2024-02-11 14:00:00,,,,,,,,,,,28.2,25.2,32.0,128.0,,
2024-02-11 15:00:00,,,,,,,,,,,28.8,25.7,32.0,122.0,,
2024-02-11 16:00:00,,,,,,,,,,,29.1,25.9,41.0,139.0,,
2024-02-11 17:00:00,,,,,,,,,,,28.9,25.7,50.0,150.0,,
2024-02-11 18:00:00,,,,,,,,,,,28.3,25.1,43.0,149.0,,
2024-02-11 19:00:00,,,,,,,,,,,27.3,24.3,30.0,132.0,,
2024-02-11 20:00:00,,,,,,,,,,,25.6,23.2,41.0,88.0,,
2024-02-11 21:00:00,,,,,,,,,,,23.1,21.7,20.0,74.0,,
2024-02-11 22:00:00,,,,,,,,,,,21.7,20.8,21.0,54.0,,
2024-02-11 23:00:00,,,,,,,,,,,20.7,20.0,20.0,43.0,,
2024-02-12 00:00:00,,,,,,,,,,,19.9,19.4,13.0,29.0,,
